任务网址,职位信息,分词,匹配句子,前标志词,后标志词,学位要求,本科专业类别
https://jobs.51job.com/kunshan/153344919.html,"岗位职责：1.自动化项目的售前支持；2.自动化项目电气方案设计和电气元器件选型；3.自动化项目电气系统的软硬件开发，包含电路，PLC，机器人及外围设备的开发；4.自动化项目电气系统的组装、调试以及生产指导；5.自动化项目客户现场安装、调试及售后服务；6. 服从项目组长对于项目组员在整个项目周期内的工作安排；7. 完成领导交办的其他工作；任职资格：1.电气工程及其自动化或自动化相关专业本科以上学历；2.五年以上自动化电气控制相关工作经验,汽车零部件行业优先；3.熟练掌握至少两种以上PLC使用和编程，掌握欧姆龙或西门子PLC的优先；4.熟练掌握各种伺服及外围应用的控制；5.熟练掌握自动化项目各类传感器的使用方法，能判断使用哪种传感器；6.学习能力和理解能力强，能独立分析并解决问题；7. 实干敬业，吃苦耐劳，团队合作精神强；福利及其他：1.工作时间：周一至周五8:30-17:30 周末双休2.福利：社会保险+公积金（养老保险、基本医疗保险、工伤保险、失业保险、生育保险、住房公积金）。3.休假：法律规定的公休假日及婚假、产假、陪产假等法定休假；转正员工每年享受6-10天的带薪年假及5天的全薪病假。4.员工关怀：员工月度生日礼物、员工户外拓展/聚餐/；旅游、公司服务年限奖、公司年会等；员工定期享受一次全面的身体检查。","年会,奖,交办,）,休假日,能,组装,住房,拓展,.,及其,养老保险,至,电气控制,每年,年,电气,选型,各种,对于,关怀,带薪,、,周期,及,工作,病假,现场,控制,生育,假及,以上学历,传感器,福利,：,方案设计,至少,合作,内,陪,种,17,他,。,自动化,生产,外围设备,调试,强,规定,产假,周末,以上,；,公,，,基本,或,解决问题,法定,资格,经验,全薪,服务,月度, ,电路,任职,理解能力,5,,,实干,元器件,工伤保险,定期,项目,社会保险,指导,独立,PLC,医疗保险,西门子,方法,休假,的,软硬件,使用,其他,服从,8,10,并,时间,领导,售前,+,机器人,7,旅游,全面,-,以及,组员,两种,公积金,敬业,应用,和,双休,零部件,周五,身体检查,完成,优先,编程,6,行业,2,汽车,熟练掌握,保险,4,学习,在,开发,包含,判断,周一,售后服务,团队,等,精神,3,哪,失业,转正,客户,安排,天,公司,组长,电气工程,五年,聚餐,/,（,一次,员工,分析,户外,支持,生日礼物,1,外围,能力,婚假,伺服,30,各类,电气系统,掌握,相关,吃苦耐劳,年限,专业本科,:,安装,岗位职责,享受,整个,法律,欧姆龙",；任职资格：1.电气工程及其自动化或自动化相关专业本科以上学历,,以上学历,电气,电气类
https://jobs.51job.com/kunshan/153960034.html,岗位职责：1、以公司整体信息化为目标，协调梳理公司各部门数据运行流程，确保信息系统正常使用。2、快速响应处理部门间提出的ERP系统所遇到的问题，记录问题原因，出处，影响及处理办法，管理优化等。3、编写ERP系统操作手册，对ERP系统操作流程进行培训，定期收集问题并汇总，给出解决方案。任职资格：1、本科及以上学历、计算机、信息管理等相关专业。2、3年以上信息系统工作经验，具有（消费类电子、汽车零部件等制造业）ERP系统数据处理工作经验。3、思路清晰、具有较强的沟通及协调能力，具有团队合作意识。,"运行,）,年,办法,电子,部门,正常,、,各,数据,及,工作,目标,制造业,间,以上学历,为,：,编写,合作,原因,协调,。,解决方案,响应,汇总,以上,所,，,管理,本科,资格,提出,经验,问题,优化,进行,信息化,意识,任职,定期,梳理,培训,操作,收集,沟通,影响,的,使用,信息系统,并,确保,思路清晰,较强,信息管理,零部件,2,汽车,ERP,整体,记录,专业,数据处理,给出,出处,系统,对,团队,等,以,3,公司,操作手册,处理,（,消费类,流程,1,能力,遇到,相关,计算机,岗位职责,具有,快速",。任职资格：1、本科及以上学历、计算机、信息管理等相关专业,,相关专业,计算机,计算机类
https://jobs.51job.com/kunshan/153951235.html,1、药学相关专业，有执业药师证，专科以上学历。2、熟悉GSP质量管理及规范要求。3、有批发公司质量管理部同岗位管理经验3-5年以上。4、抗压能力强。,"药学,。,批发,规范,质量,强,有,以上,3,年,抗压,，,药师,管理,证,-,公司,经验,GSP,、,执业,要求,5,熟悉,及,管理部,1,能力,2,相关,专科,以上学历,同,专业,岗位,4",1、药学相关专业，有执业药师证，专科以上学历,,以上学历,药学,药学类
https://jobs.51job.com/kunshan/151706166.html,"岗位职责:1.负责公司非标自动化项目或机器人系统集成项目的整体规划,实施方案的制定,项目工作计划的具体细节安排，2.对整体项目做好全过程的质量监督,成本控制,风险预测，确保项目的顺利完成，3.作为项目需求阶段,开发阶段以及实施阶段的管理人员，负责协调项目组各项工作有序有计划进行。在项目实施阶段，作为与客户的直接接口人，协调管理客户关系引导并满足客户对产品的相关需求，处理项目实施过程中客户的各项要求，保证实施项目的按时保质完成，4,负责协调管理项目中的各方外部资源，如:供应商配套厂商等，5,管理好项目团队成员,合理安排团队工作:6,完成上级交办的其他工作。任职要求:1有二年以上非标自动化或工业机器人系统集成设备或系统类项目管理经验:2,有独立完成上述类型全新项目管理经验者优先，有大客户管理经验者优先，3.大专及以上学历，机电,电子类相关专业:4.工作态度认真,严谨负责，责任心强，吃苦耐劳，抗压能力强具有较强的沟通,协调能力及良好的团队合作精神，5.逻辑思维清楚，能应对多个项目同时进行的情况，善于把握项目的重点和关键环节。","风险,供应商,交办,善于,满足,能,逻辑思维,.,类,抗压,做好,电子,各方,直接,上级,及,工作,按时,负责,控制,过程,同时,引导,监督,以上学历,与,认真,合作,接口,协调,。,自动化,质量,强,有,计划,中,以上,资源,责任心,，,或,管理,经验,整体规划,进行,情况,重点,配套,任职,,,5,管理人员,成本,项目,各项,非标,独立,多个,二年,沟通,良好,客户关系,的,开发阶段,态度,其他,机电,产品,合理安排,好,并,具体,细节,机器人,确保,厂商,上述,作为,保证,顺利完成,把握,严谨,以及,全新,者,较强,外部,要求,和,阶段,成员,类型,实施,完成,优先,人,6,2,预测,整体,如,专业,清楚,4,设备,在,系统,制定,对,团队,等,项目管理,关键环节,精神,3,客户,安排,公司,保质,系统集成,处理,需求,工业,全过程,1,能力,项目组,实施方案,有序,相关,吃苦耐劳,:,岗位职责,具有,有大,大专,应对","任职要求:1有二年以上非标自动化或工业机器人系统集成设备或系统类项目管理经验:2,有独立完成上述类型全新项目管理经验者优先，有大客户管理经验者优先，3.大专及以上学历，机电,电子类相关专业",任职要求,相关专业,项目管理,管理科学与工程类
https://jobs.51job.com/kunshan/141602227.html,岗位要求：1、强化与总部市场部的沟通合作，及时传递产品信息；2、负责市场分析，进行行业、竞争对手的分析和研究； 3、制定符合招商部特征及需求的区域推广策略并执行，定期评估执行情况并反馈；4、负责产品概念、学术思想和临床应用文献的宣讲，建立、维护和发展专家网络；5、推动整体产品策略的实施；6、协助省代招商总监做好各方面的目标管理，跟进项目的落实及目标实现；任职资格：1、具备医学或药学本科以上学历，有处方药市场推广经验者优先；2、中药内资/合资企业工作2年以上；3、良好的沟通能力和团队合作能力；4、良好的数据处理能力；5、态度积极，品行端正,"符合,部,年,做好,、,文献,各,及,工作,目标,学术思想,负责,以上学历,积极,：,与,处方药,合作,具备,药学,方面,有,以上,；,医学,，,市场部,传递,管理,或,资格,本科,经验, ,进行,情况,任职,5,推动,总监,定期,项目,沟通,良好,品行端正,的,概念,态度,执行,市场,建立,反馈,产品,特征,并,跟进,总部,发展,研究,网络,内资,协助,者,招商,落实,要求,应用,和,省代,实施,推广,优先,行业,宣讲,6,2,中药,整体,评估,合资企业,区域,岗位,数据处理,实现,竞争对手,4,制定,市场推广,信息,团队,3,需求,/,强化,分析,专家,1,及时,能力,策略,临床,维护",岗位要求：1、强化与总部市场部的沟通合作，及时传递产品信息；2、负责市场分析，进行行业、竞争对手的分析和研究； 3、制定符合招商部特征及需求的区域推广策略并执行，定期评估执行情况并反馈；4、负责产品概念、学术思想和临床应用文献的宣讲，建立、维护和发展专家网络；5、推动整体产品策略的实施；6、协助省代招商总监做好各方面的目标管理，跟进项目的落实及目标实现；任职资格：1、具备医学或药学本科以上学历,岗位要求,以上学历,药学,药学类
https://jobs.51job.com/kunshan/75153236.html,岗位职责：1、负责广告平面设计、制作及其它图文处理，能够解决项目设计难题；2、独立完成项目相关的创意思路、制作要求及方案修正；3、完成部门经理分配的项目设计任务；4、负责公司设计人员的培训，提升公司整体设计水平。岗位要求：1、广告设计类相关专业大专以上学历，5年以上设计工作经验；2、熟练掌握CorelDraw、 Adobe Photoshop 、Adobe Illustrator 等设计软件及相关办公软件，熟悉各种广告材料及制作工艺；3、具有较好的设计理念和丰富的设计经验，具有大型广告标识标牌、导视系统的规划设计经验；4、设计能力全面，拥有快速的创意能力；5、做事认真、细致，表达能力强；具备良好的沟通、组织、协调能力；6、持有C1及以上驾照，并能熟练驾驶车辆；7、能适应加班、出差或驻点。,"任务,能,及其,类,年,各种,工艺,思路,导视,驾照,、,Photoshop,及,工作,负责,图文,以上学历,办公,：,较,认真,广告设计,具备,协调,。,软件,部门经理,强,Adobe,加班,以上,；,熟练,，,或,经验,C1, ,分配,持有,标牌,理念,5,出差,规划设计,项目,难题,独立,培训,细致,沟通,良好,广告,的,它,方案,材料,好,并,7,组织,全面,提升,要求,人员,和,熟悉,大型,能够,完成,修正,6,驻点,2,熟练掌握,整体,专业,丰富,平面设计,岗位,设计,制作,车辆,4,系统,标识,等,拥有,3,公司,Illustrator,处理,表达能力,1,能力,水平,相关,适应,解决,做事,岗位职责,具有,大专,CorelDraw,创意,快速,驾驶",岗位要求：1、广告设计类相关专业大专以上学历,岗位要求,以上学历,广告,新闻传播学类
https://jobs.51job.com/kunshan/150166090.html,岗位职责：1、设备部署：负责音视频会议系统设备调试部署；2、项目实施：参与项目实施，音视频会议系统设备安装，调试以及验收等；3、方案编写：负责会议系统需求调研，深化设计、运维相关文档的编写等工作；4、售后支持：负责音视频会议系统设备日常巡检、故障隐患排除等工作。知识技能要求：1、熟悉音视频矩阵、投影仪、中控主机等多媒体会议设备；2、熟练使用CAD进行音视频会议系统图纸设计；3、具备话筒、调音台、功放、音箱、音频处理器、反馈抑制器等音频设备的调试能力；4、具备视频矩阵、视频信号转换器、录像机等视频设备的调试能力；5、能独立完成音视频会议系统设备配置选型、施工图深化设计、现场调试等工作；6、4年以上音视频等会议系统项目实施工作经验；7、专业：自动化、计算机、信息工程等相关专业；8、具有工程师职称、一级建造师（机电）、系统集成项目管理工程师等证书优先。,"抑制器,）,CAD,投影仪,能,年,选型,、,部署,工作,转换器,负责,现场,配置,视频,工程师,主机,：,编写,信息工程,具备,。,自动化,音频,参与,调试,处理器,音箱,以上,；,熟练,证书,，,售后,矩阵,经验,进行,中控,会议,5,隐患,项目,独立,深化,一级,的,知识,使用,反馈,8,音视频,方案,机电,音频设备,视频信号,职称,验收,7,施工图,以及,话筒,调研,日常,要求,熟悉,实施,完成,优先,6,2,排除,专业,巡检,建造师,设计,4,设备,系统,录像机,图纸,等,故障,项目管理,3,功放,系统集成,需求,（,技能,支持,1,能力,相关,计算机,安装,岗位职责,文档,运维,多媒体,具有,调音台",；7、专业：自动化、计算机、信息工程等相关专业,,相关专业,计算机,计算机类
https://jobs.51job.com/kunshan/152814777.html,职位描述：1、根据自研COMNOVA IOT硬件平台和应用软件需求进行 嵌入式Linux系统的开发；2、负责裁剪和定制化COMNOVA IOT硬件上嵌入式Linux系统内核和rootfs； 3、负责组织COMNOVA IOT嵌入式Linux系统的构建过程； 4、负责编写，裁剪，适配COMNOVA IOT硬件驱动如SPI，CAN，以太网，MIPI-CSI2，PCIE等； 5、负责排查COMNOVA IOT嵌入式Linux系统相关问题； 6、负责持续改进COMNOVA IOT嵌入式Linux开发流程和效率； 职位要求：1、教育程度：本科以上软件工程、计算机、自动化、机电系统等相关专业 2、工作经验：5年以上嵌入式Linux软件开发经验 3、语言能力：英文（书面及口语）: CET 4以上，良好的英语听说读写能力 4、计算机能力:  熟练掌握C/C++，Shell Script，Makefile，Buildroot/Yocto构建工具。熟悉编译原理，Linux操作系统原理，ARM架构，芯片外设工作原理。 5、其他要求：拥有持续集成框架开发经验优先。,"）,自研,Linux,原理,效率,年,硬件平台,C,Buildroot,描述,、,框架,及,工作,负责,过程,工具,：,根据,架构,听说读写,编写,书面,以太网,Yocto,程度,集成,。,自动化,以上,排查,；,芯片,，,本科,经验,问题, ,rootfs,进行,软件工程,Makefile,5,良好,软件开发,语言,的,其他,MIPI,机电,CAN,C++,嵌入式,Script,Shell,化,组织,-,CET,COMNOVA,职位,CSI2,PCIE,要求,和,熟悉,教育,优先,6,2,上,ARM,构建,熟练掌握,如,专业,IOT,4,系统,开发,定制,SPI,等,拥有,3,内核,口语,英文,编译,需求,/,（,操作系统,驱动,裁剪,应用软件,外设,流程,1,能力,相关,计算机,:,英语,适配,硬件,改进,持续",； 职位要求：1、教育程度：本科以上软件工程、计算机、自动化、机电系统等相关专业,,相关专业,计算机,计算机类
https://jobs.51job.com/kunshan/153492458.html,岗位职责：										1、 负责新能源汽车车载电源的开发设计。										 2、负责产品可行性评估、电路拓扑选择、元器件选型、PCB布局、研发样机的制作与调试; 										3、负责EMC设计和热设计的整改; 										4、负责产品工艺和生产可行性评估;										 5、负责产品从设计到量产的问题解决。										岗位要求：										 1、电气自动化、电力电子等电气类专业背景，全日制本科以上学历，硕士优先; 										2、扎实的模电、数电及电力电子专业知识及较强的动手能力，熟悉电子元器件的规格及应用;										3、有较强的学习和动手能力，工作积极主动，能接受工作挑战，热爱硬件开发工作，具有良好的沟通及协调能力;										 4、良好的规划性和条理性，工作勤奋、仔细、积极主动、能吃苦耐劳。,"热,能,类,电气,选型,电子,工艺,、,及,工作,负责,以上学历,：,较,与,协调,。,自动化,生产,调试,	,强,有,电源,规划,，,本科,问题, ,新能源,工作勤奋,条理性,电路,全日制,5,元器件,性,沟通,良好,接受,仔细,研发,的,电力,热爱,产品,量产,背景,硕士,EMC,专业知识,积极主动,从,动手,要求,应用,和,熟悉,拓扑,选择,优先,2,汽车,扎实,挑战,评估,专业,规格,岗位,设计,制作,4,学习,整改,开发,PCB,等,3,到,样机,1,能力,布局,模电,解决,吃苦耐劳,;,岗位职责,车载,具有,可行性,数电及,硬件",岗位要求：										 1、电气自动化、电力电子等电气类专业背景，全日制本科以上学历,岗位要求,以上学历,电气,电气类
https://jobs.51job.com/kunshan/154352523.html,工作职责:1.主要负责公司相关产品维护与技术支持等相关工作； 2.负责仪器安装调试、仪器保养、校验、维修，并给予客户培训支持；3.执行服务合同及配件的销售任务；4.积极处理解决客户日常的故障投诉； 5.负责客户样品分析测试机演示试验工作；6.定期进行客户回访，提供技术支持，提高客户满意度。任职资格:1.分析化学、应用化学、药学等相关专业，2年以上工作经验； 2.熟悉离子色谱仪，卡尔费休水分仪等分析仪器，具备1年以上分析仪器实验室经验者优先考虑； 3.积极主动，良好的沟通能力，及客户服务意识，强烈的责任心与事业心，高度团队精神；4.能承受各种压力，并接受经常出差； 5.英语书写流利并具备良好的阅读能力，CET-4水平。公司提供适当的职业发展平台和系统的专业技能培训。非化学专业背景者***。,"仪等,回访,任务,能,流利,.,年,强烈,各种,*,、,及,工作,职业,负责,维修,阅读,积极,费休,仪器,与,具备,。,药学,调试,投诉,以上,实验室,；,责任心,，,机,资格,给予,服务,经验, ,进行,意识,任职,5,色谱仪,出差,定期,化学,演示,适当,高度,培训,提供,沟通,良好,主要,满意度,接受,应用化学,水分,的,压力,执行,产品,考虑,经常,并,配件,背景,事业心,发展,-,平台,者,CET,积极主动,合同,日常,和,熟悉,试验,书写,优先,6,2,技术支持,销售,分析化学,专业,非,4,系统,团队精神,等,故障,3,客户,公司,分析仪器,处理,校验,分析测试,支持,客户服务,1,样品,提高,能力,离子,保养,水平,相关,解决,:,安装,英语,职责,卡尔,承受,专业技能,维护",。任职资格:1.分析化学、应用化学、药学等相关专业,,相关专业,药学,药学类
https://jobs.51job.com/kunshan/147426381.html,1.持有一级建造师执业资格证书；2、工程或工程经济类相关专业毕业，具备建造师相关注册执业资格;3、平时不驻现场若有需要才驻现场。负责开标，进场，竣工验收及项目上的检查开会。4、有建筑类相关专业中级或以上的技术职称更佳，相关补贴面议;5、能配合公司提供所需资料，差旅费报销;6、与原来的聘用企业已无法律或债务上的任何纠纷;7、在项目担任项目经理，配合公司进行投标，检查及项目管理8、公司购买全额五险。9、中标项目业绩录入到个人头上。,"毕业,开会,能,才,.,类,开标,、,个人,面议,及,竣工,负责,现场,经济,与,原来,具备,。,项目经理,有,9,以上,；,资料,技术职称,证书,投标,所,，,或,全额,持有,进行,5,纠纷,项目,平时,驻,提供,配合,一级,的,已,五险,8,验收,7,业绩,工程,不,6,2,上,补贴,专业,建造师,无,差旅费,中标,4,在,需,头上,债务,检查,购买,录入,项目管理,若有,执业资格,3,建筑,公司,需要,企业,担任,任何,聘用,到,中级,进场,更佳,1,相关,;,报销,法律,注册",；2、工程或工程经济类相关专业毕业，具备建造师相关注册执业资格;3、平时不驻现场若有需要才驻现场。负责开标，进场，竣工验收及项目上的检查开会。4、有建筑类相关专业,,相关专业,建筑,建筑类
https://jobs.51job.com/kunshan/134420070.html,岗位职责：1、负责金属3D打印植入物产品的研发；2、3年以上3D骨科植入物设计开发经验；3、熟悉3D打印注册法规、建模、及工艺等；4、负责所研产品的性能评估及技术文件编制；5、负责实施产品注检、动物实验、临床试验等。任职要求：1、***本科及以上，生物力学、机械设计、材料力学、医学骨科等相关专业毕业；2、具有独立的产品设计开发能力，有骨科植入物设计开发经验者优先；3、了解骨科医疗器械行业的相关标准及法律法规，熟练使用Magics、Mimics 、3-matic 等软件；4、具有一定的生物力学知识，能对产品进行生物力学分析，进行力学的判断和分析。,"毕业,能,年,技术,工艺,编制,*,、,临床试验,及,负责,：,标准,。,软件,有,以上,；,医学,熟练,，,本科,经验,3D, ,打印,进行,任职,5,独立,法规,研发,的,知识,使用,产品,文件,注检,力学,一定,-,材料力学,者,了解,法律法规,要求,和,熟悉,建模,Magics,matic,实施,性能,优先,行业,2,实验,评估,专业,设计,4,开发,Mimics,判断,对,等,3,医疗器械,生物力学,植入物,机械设计,动物,分析,产品设计,金属,1,能力,骨科,所研,相关,岗位职责,具有,注册",任职要求：1、***本科及以上，生物力学、机械设计、材料力学、医学骨科等相关专业,任职要求,相关专业,生物,生物科学类
https://jobs.51job.com/kunshan/119070715.html,1.财务、会计专业本科及以上学历，持有会计证；2.从事电商财务会计工作经历优先；3.熟练使用办公财务软件；4.良好的学习能力，独立工作能力；5.抗压能力强，能吃苦耐劳。岗位职责：1、负责公司往来结算账户的核算、额度管理、账期管理、开票管理等加快资金周转；2、编制往来单位账龄分析表和计划执行周报、月报督促相关人员及时回收货款；3、负责对接客户的订单管理、出入库管理。,"订单,。,财务,账期,单位,强,计划,能,等,出入库,；,财务会计,.,熟练,开票,3,抗压,，,本科,管理,货款,客户,公司,编制,持有,回收,对接,核算,、,执行,人员,5,结算,和,额度,分析,及,工作,账龄,月,负责,1,能力,及时,优先,账户,2,独立,督促,报,经历,从事,以上学历,相关,良好,吃苦耐劳,资金周转,办公,表,往来,的,岗位职责,：,会计专业,使用,加快,周报,会计证,财务软件,电商,4,学习",1.财务、会计专业本科及以上学历,,以上学历,财务,工商管理类
https://jobs.51job.com/kunshan/154215907.html,岗位职责：1、负责收集制氢电源市场需求，明确产品规格以及产品方案2、制定相关的项目计划，并按计划完成产品开发。3、负责制氢电源产品方案制定、指导工程师完成原理图设计、电路仿真、器件选型与设计等； 4、负责指导工程师完成设计验证测试，测试问题解决，样机调试；5、负责指导产品转中试和产品转产工作任职要求：1、5年以上工作经验，本科及以上学历，电气相关专业。2、有较强技术能力，熟悉电力电子技术3、善于沟通，有较好组织协调能力，能带团队进行产品开发4、工作严谨负责，态度积极主动。5、对制氢电源产品和市场有较深理解。,"善于,年,电气,技术,选型,电子,验证,、,及,工作,负责,以上学历,测试,市场需求,工程师,：,较,与,。,器件,调试,强,有,计划,电源,以上,；,，,本科,能带,按计划,经验,问题, ,负责制,进行,产品开发,制氢,任职,5,明确,项目,指导,收集,沟通,的,电力,态度,市场,产品,方案,好,转,并,严谨,以及,积极主动,要求,和,熟悉,完成,组织协调,2,原理图,理解,专业,设计,4,深,制定,中试,团队,对,等,3,电路仿真,转产,样机,1,能力,产品规格,相关,解决,岗位职责,氢",任职要求：1、5年以上工作经验，本科及以上学历，电气相关专业,任职要求,相关专业,电气,电气类
https://jobs.51job.com/kunshan/153865353.html,【工作平台】在企业微信和客户一对一沟通设计。主要职责：- 根据线上平台接收到的客户需求，与客户进行沟通，了解设计需求，提供专业的平面设计方案；- 根据客户需求，进行方案初步设计，并完成方案的平面设计，包括创意提案、修改和润色等；- 按照项目进度，完成方案的跟进，确保项目按计划进行，并按照客户要求完成设计作品；- 参与方案的讨论和修改，确认最终方案，并与客户沟通确认细节；- 负责与其他部门沟通合作，确保设计方案能够得到有效执行。职位要求：- 具有平面设计等相关行业经验的平面设计师；- 熟练掌握PS、CDR、AI 等设计软件，具备良好的设计技能；- 具备良好的沟通能力和团队合作精神，能够与其他部门有效沟通合作；- 具有创意和审美能力，能够提供新颖的设计方案；【岗位职责】1、负责，平面设计，海报、易拉宝、宣传品、电商美工、主图详情页、logo、画册、折页等设计2、负责设计活动页面、广告图、微信配图、H5页面设计【任职要求】1、美术、平面设计、广告等相关专业，有工作经验者优先熟悉ps，CDR，Ai等其中一个设计软件有设计工作经验，熟悉掌握设计软件【工作亮点】1.不需要坐班班，线上远程可以做，空余时间就可以上2.熟悉平面设计方面的软件3.能及时回复客户沟通【收费情况】：无。不收取任何费用,"有效,费用,能,.,确认,设计方案,新颖,美术,H5,部门,、,包括,工作,亮点,负责,折页,修改,画册,坐班,：,根据,与,就,合作,微信,具备,。,设计师,软件,参与,远程,方面,按照,有,配图,可以,；,活动,页面,，,按计划,经验, ,】,进行,Ai,情况,讨论,图,任职,项目,一对一,做,提供,沟通,其中,良好,广告,的,宣传品,班,其他,执行,接收,收费,方案,一个,并,时间,跟进,确保,细节,进度,AI,收取,-,平台,者,美工,职位,了解,CDR,初步设计,要求,和,熟悉,能够,不,logo,完成,优先,行业,润色,2,上,熟练掌握,作品,PS,易拉宝,线上,专业,主要职责,最终,平面设计,设计,ps,无,在,团队,等,精神,3,客户,详情页,提案,需要,企业,任何,到,需求,技能,空余,1,能力,及时,【,主图,得到,审美,平面,掌握,相关,岗位职责,具有,创意,海报,回复,电商",任职要求】1、美术、平面设计、广告等相关专业,任职要求,相关专业,美术，广告,美术学类，新闻传播学类
https://jobs.51job.com/kunshan/154394310.html,"岗位职责：1、负责各类场景的视觉等算法的训练、测试分析，模型分析、模型优化等工作，跟踪SOTA算法。2、持续跟踪客户技术需求动向；能配合实现AI算法的部署和集成。3、关注算法加速，提出模型优化建议。4、探索模型优化方法，并将其标准化，提供模型优化经验的赋能培训。任职资格：1、模式识别、人工智能、数学、计算机、自动化、电子、航空航天等相关专业，硕士及以上学历。2、2年以上工作经验3、熟悉主流的机器学习算法（包括但不限于NLP，Image Detection/Scene Text/Recognition等）和应用，并在大数据处理计算机视觉分布式计算等方面有一定的理论功底；4、熟悉一个或者多个主流的深度学习框架平台（包括TensorFlow，Caffe，Scikit-learn、Torch等）的使用，有大型AI项目经验者优先；5、熟练掌握Java，C++,Python等主流开发语言的一种；6、有责任心，工作严谨细致，能积极和团队进行沟通和合作。7、具备以下开发经验者优先：1）具有模型训练经验者、对不同AI任务的算法掌握与理解；2）熟悉对AI在军事中应用的技术路线3）有机器人、无人机/车、自动驾驶经验者","）,NLP,任务,能,Caffe,自动,大,年,技术,Image,跟踪,电子,、,包括,框架,部署,工作,及,标准化,负责,TensorFlow,Scikit,关注,以上学历,测试,积极,：,军事,与,合作,视觉,集成,具备,。,人工智能,自动化,方面,Java,有,中,以上,；,责任心,，,赋能,资格,提出,经验, ,优化,进行,Recognition,任职,5,,,SOTA,建议,项目,深度,功底,航空航天,培训,多个,提供,方法,细致,沟通,配合,限于,算法,Scene,语言,的,模式识别,使用,加速,一个,或者,C++,并,Text,机器人,硕士,7,AI,一定,训练,不同,探索,-,平台,严谨,一种,者,其,应用,和,熟悉,大型,不,优先,learn,6,2,理论,Detection,熟练掌握,模型,理解,专业,数据处理,路线,实现,4,Torch,学习,在,开发,将,团队,对,等,动向,3,车,客户,Python,需求,/,（,以下,分析,数学,场景,1,但,各类,掌握,无人机,主流,相关,计算机,岗位职责,具有,机器,分布式计算,驾驶,持续",。任职资格：1、模式识别、人工智能、数学、计算机、自动化、电子、航空航天等相关专业，硕士及以上学历,,以上学历,计算机,计算机类
https://jobs.51job.com/kunshan/132174467.html,一、岗位职责1. 负责产品课程设计与开发；2. 负责企业员工、企业客户、药店店员培训；3 负责团建活动策划、组织、主持等。二、岗位要求1. 普通话标准，表达能力强，有较好的形象气质；2. 逻辑性强，熟练掌握 Office 办公软件；3. 自学能力强，能不断自我要求提升专业知识水平及培训技能；4. 身体素质好，能接受出差；5. 本科及以上药学相关专业学历，有学生会、社团、辩论队等经验或有演讲、主持、舞台表演、作业辅导等经验者优先。,"辅导,学生会,能,.,、,社团,及,自学能力,负责,队,团建,办公,较,与,二,标准,。,软件,药学,策划,强,有,店员,以上,；,活动,演讲,，,或,本科,经验, ,5,出差,学历,培训,接受,作业,的,产品,好,逻辑性,组织,专业知识,主持,提升,一,者,要求,不断,普通话,优先,身体素质,2,熟练掌握,专业,岗位,4,开发,课程设计,自我,药店,等,形象气质,3,客户,辩论,企业,Office,表达能力,员工,技能,1,舞台,水平,相关,岗位职责,表演",岗位要求1. 普通话标准，表达能力强，有较好的形象气质；2. 逻辑性强，熟练掌握 Office 办公软件；3. 自学能力强，能不断自我要求提升专业知识水平及培训技能；4. 身体素质好，能接受出差；5. 本科及以上药学相关专业,岗位要求,相关专业,药学,药学类
https://jobs.51job.com/kunshan/155155969.html,岗位职责：1）在区域内定期联系、拜访客户建立客户档案；2）在目标医院拜访目标医生传递产品信息，达成业绩目标；3）做好区域分析，并向主管定期汇报，合规的执行区域内推广项目，配合区域市场或中央市场部执行项目；4）做好医院/药房的准入工作，确保药物的可及性。支持跨部门团队在医院内的相关工作；5）所有行为符合公司合规要求任职要求：1）大专以上学历，生物/医学/药学等相关专业背景及行业知识；2）具备2年以上血液特药产品推广经验；3）自我约束、自我激励、有责任心和契约精神4）目标清晰，结果导向，合作精神5）能承受压力，坚韧不拔，主动寻找机会，达成目标如您应聘该岗位，则视为同意我公司采集并留档您提交的个人信息，本公司将严格遵守《个人信息保护法》，将收到的信息对外保密。,"）,采集,能,可,符合,年,药房,做好,约束,该,生物,结果,联系,保护法,准入,、,及,工作,目标,以上学历,：,合作,内,客户档案,具备,。,药学,有,以上,；,医学,责任心,，,或,传递,市场部,同意,收到,经验,医生,个人信息,》,任职,5,视为,主管,定期,主动,项目,合规,配合,则,的,知识,本,激励,所有,压力,执行,市场,建立,您,产品,我,拜访,及性,并,医院,背景,严格遵守,确保,寻找机会,区域分析,应聘,跨部门,业绩,中央,要求,和,《,推广,行业,2,如,专业,区域,导向,岗位,提交,4,在,血液,向,将,自我,汇报,团队,信息,等,保密,精神,3,客户,公司,对外,/,药物,清晰,行为,支持,1,留档,契约,相关,坚韧不拔,特药,岗位职责,承受,大专,达成",任职要求：1）大专以上学历，生物/医学/药学等相关专业,任职要求,相关专业,药学，生物,药学类，生物科学类
https://jobs.51job.com/kunshan/142450526.html,一、任职要求本科学历，审计管理、财务管理等专业，热爱清洁能源行业。二、公司福利双休、法定节假日、12-20天带薪探亲假、带薪年假、五险一金、高温补贴、优越宿舍环境、高级食堂、免费班车接送、内外部培训、节日福利、生日福利、健康体检、丰富多彩的团建、多样化的文体活动等。三、管理干部/管培生福利工作三年内：住宿补贴1200/月工作满三年：一次性购房补贴20万元工作满五年：在职MBA培训的机会（15-20万元）,"内外部,丰富多彩,。,多样化,节假日,接送,）,一金,能源行业,满,本科学历,购房,等,班车,MBA,年,文体活动,优越,节日,，,管理,一次性,法定,一,-,公司,天,五年,带薪,探亲假,环境,生日,/,健康,、,宿舍,任职,要求,（,财务管理,双休,审计,清洁,工作,20,1200,高温,管培生,万元,月,高级,三,培训,住宿,三年,食堂,机会,团建,补贴,体检,12,专业,福利,的,热爱,：,在职,假,干部,15,二,免费,五险,内",任职要求本科学历，审计管理、财务管理等专业,任职要求,等专业,财务,工商管理类
https://jobs.51job.com/kunshan/154024989.html,岗位职责:1、负责射频电路部分方案设计、开发和调试，包括器件选型、原理图绘制、layout指导确认、bom搭建；2、能够快速进行射频开发中的问题分析、判断并解决问题；3、解决系统内及系统间的干扰问题，有一定的射频干扰处理经验；4、根据技术规范要求进行相关技术文档编写、技术总结与分享。任职资格:1、电路与系统、通信工程、电磁场与微波等相关专业；2、熟练掌握射频电路相关理论、设计和测试方法。熟悉各种射频电路相关的元器件特性；3、能够熟练使用射频测试相关的设备仪器；4、工作认真负责，具有较强的问题解决能力、沟通协调能力、学习能力和执行力；5、具有功放电路或接收机设计经验者优先。,"测试方法,确认,技术,分享,选型,各种,、,包括,工作,负责,间,layout,测试,认真负责,根据,技术规范,仪器,与,编写,方案设计,协调,。,器件,调试,有,中,部分,；,熟练,，,或,干扰,解决问题,接收机,资格,经验,问题,进行,电路,任职,bom,5,元器件,微波,指导,通信工程,沟通,总结,的,执行力,使用,射频,特性,内及,并,一定,搭建,较强,者,要求,和,熟悉,能够,优先,2,理论,原理图,熟练掌握,专业,设计,绘制,4,设备,学习,系统,开发,判断,电磁场,等,3,功放,处理,分析,1,能力,相关,解决,:,岗位职责,文档,具有,快速",。任职资格:1、电路与系统、通信工程、电磁场与微波等相关专业,,相关专业,通信工程,电子信息类
https://jobs.51job.com/kunshan/152111296.html,工作内容：MES工程师将负责公司的生产制造过程，负责MES系统的日常维护，负责生产数据的采集、处理、分析，负责生产线的效率优化，协助制造工程师解决生产制造过程中的技术问题。主要职责：- 负责公司MES系统的日常维护，确保系统稳定运行；- 负责生产数据的采集、处理、分析，为生产过程提供数据支持，协助制造工程师解决生产制造过程中的技术问题；- 负责生产线的效率优化，提出并实施生产线效率提升计划；- 协助制造工程师进行新产品研发，参与产品的生产验证；- 负责MES系统相关文档的撰写和整理。职位要求：- 大专及以上学历，计算机、自动化控制等相关专业；- 3年以上MES系统工程师工作经验，有丰富的生产制造过程经验；- 熟悉MES系统，了解相关的生产制造流程；- 熟悉计算机编程，具备基本的软件开发能力；- 具备良好的沟通能力和团队合作精神，具备良好的独立思考能力。,"运行,采集,效率,年,技术,生产线,新,验证,、,数据,及,工作,负责,控制,过程,以上学历,为,工程师,：,合作,具备,。,自动化,生产,参与,有,计划,中,以上,；,，,基本,提出,经验,问题, ,优化,进行,整理,提供数据,沟通,良好,软件开发,研发,的,产品,独立思考,并,确保,提升,-,协助,职位,撰写,了解,日常,要求,和,熟悉,实施,编程,MES,内容,专业,主要职责,丰富,系统,将,团队,等,精神,3,公司,处理,分析,支持,流程,能力,相关,解决,计算机,文档,制造,大专,稳定,维护",。职位要求：- 大专及以上学历，计算机、自动化控制等相关专业,,相关专业,计算机,计算机类
https://jobs.51job.com/kunshan/144647033.html,1. 根据部门制定的视频内容规划，整合跨部门相关资源，输出高质量的视频内容，推动公司业务线的可持续曝光；2. 负责youtube、Tik Tok等海外视频平台整体运营 ；3.定期对视频内容发布成效及策划事件进行分析复盘，总结整理出优秀经验案例，为部门内容工作进行优化提供依据；4. 定期收集研究竞品公司及海外社媒（包括但不限于Youtube、facebook、Tiktok、Reddit）等内容平台上的生态布局，针对性优化内容形式；5. 完成上级交代的其他工作事项。职位要求：1、大专及以上学历，影视技术、编导、市场营销、广告传媒等相关专业；2、2年以上视频策划相关工作经验优先，优秀应届毕业生亦可；3、英语四级及以上水平，具有优秀的读写能力优先；4、从事过消费类电子产品/科技行业者优先。,"社媒,）,事件,可,.,年,技术,优秀,整合,部门,、,上级,包括,及,工作,负责,视频,以上学历,从事,为,根据,：,输出,发布,。,策划,市场营销,以上,资源,；,规划,Youtube,，,四级,影视,经验, ,优化,进行,5,推动,整理,科技,定期,案例,海外,提供,收集,总结,限于,广告,亦可,的,其他,研究,平台,依据,跨部门,者,youtube,职位,要求,过,高质量,不,电子产品,完成,针对性,优先,行业,2,上,内容,生态,整体,专业,facebook,4,传媒,事项,毕业生,制定,应届,读写能力,对,Reddit,等,线,持续,3,公司,交代,/,（,消费类,竞品,Tok,分析,成效,1,形式,但,布局,水平,编导,相关,Tiktok,复盘,运营,英语,具有,业务,大专,Tik,出,曝光",。职位要求：1、大专及以上学历，影视技术、编导、市场营销、广告传媒等相关专业,,相关专业,广告,新闻传播学类
https://jobs.51job.com/kunshan/154547269.html,职位要求：- 大专及以上学历，化工、生物工程、机械、电气自动化等相关专业，欢迎优秀毕业生；- 具备良好的沟通能力和团队合作意识，能够接受和应对工作中的挑战；- 熟练掌握办公软件，如Office、Excel等，具备基本的网络知识；- 了解公司业务和运营规律，具备基本的市场敏锐度；- 具有积极向上、勇于尝试的精神，能够承担一定的工作压力。,"具备,。,自动化,毕业生,软件,欢迎,生物工程,团队,等,中,；,精神,勇于,承担,一定,电气,，,基本,-,网络,优秀,公司, ,规律,职位,了解,意识,、,要求,化工,Office,和,尝试,能够,及,工作,敏锐度,压力,能力,积极向上,挑战,熟练掌握,以上学历,相关,良好,机械,沟通,接受,专业,办公,如,的,Excel,知识,：,运营,具有,大专,业务,应对,合作,市场",职位要求：- 大专及以上学历，化工、生物工程、机械、电气自动化等相关专业,,相关专业,电气，生物,电气类，生物科学类
https://jobs.51job.com/kunshan/153994652.html,职位信息1、有微生物检测工作经验、熟练电脑操作、熟悉消毒措施、微检操作熟练，对问题有较强的分析能力；2、负责监测车间环境卫生、人员、纯水微生物检验工作；3、负责对每批原料、半成品、成品微生物检测，必要时对包材的微生物检测；4、做好微生物检验的工作记录；5、依据实验室保养制度，维护好所分管的实验设备，并严格按照操作规程操作；6、负责检验仪器设备的维护、保养及校准；7、负责本工作内的不合格品标识跟踪处理结果；8、完成上司交办的其它工作。岗位要求：1、20-35岁，有精细化工、化工工艺或生物制药等相关大专或以上学历；2、熟悉化妆品生产流程；3、一年及以上化妆品工厂工作经验，须持有化妆品检验员资格证；4、能吃苦耐劳，有良好的沟通能力、较强的责任心以及团队合作精神；5、有实验室微生物检测工作经验者优先。,"时,交办,车间,微生物,能,做好,跟踪,制度,工艺,、,及,工作,20,负责,环境卫生,检测,每批,以上学历,检验员,处理结果,：,较,工厂,措施,合作,内,分管,。,强,有,按照,原料,资格证,实验室,以上,熟练,；,责任心,检验,所,，,或,经验,问题,持有,其它,5,监测,上司,半成品,操作,沟通,不合格品,良好,的,本,生物制药,包材,微检,8,好,并,7,-,依据,以及,较强,者,纯水,化妆品,职位,人员,要求,化工,熟悉,35,仪器设备,完成,严格,优先,6,2,实验,记录,岗位,4,设备,标识,岁,对,信息,等,操作规程,团队,精神,3,消毒,生产流程,分析,精细化工,一年,必要,1,能力,成品,电脑操作,保养,相关,吃苦耐劳,大专,须,维护,校准",岗位要求：1、20-35岁，有精细化工、化工工艺或生物制药等相关大专或以上学历,岗位要求,以上学历,生物,生物科学类
https://jobs.51job.com/kunshan/140183198.html,产品：肺炎、狂苗、IPV等疫苗。目标市场：疾控中心、预防接种医院、综合医院。【岗位内容】终端市场开发、学术推广的开展、反馈市场信息及售后服务等工作内容。【任职要求】1、临床、生物制剂、医学、药学、营销等相关专业；2、喜欢挑战并愿意从事产品推广工作；3、性格外向，具有良好的学习能力、沟通、一定的抗压力；4、有疫苗推广经验或区域资源的优先考虑。？【薪酬福利】 1、收入可观，具体面议。 2、国家法定节假日、周末双休、培训提升、旅游团建等公司福利。工作地点：秀山及周边区县。公司地点：渝北区渝兴广场B座22-1,"渝,学术,喜欢,生物制剂,、,面议,及,工作,目标,从事,疾控中心,福利,国家,：,。,药学,有,周末,资源,肺炎,医学,疫苗,；,区县,，,或,建等,法定,经验, ,】,终端,IPV,任职,性格外向,旅游团,培训,沟通,良好,周边,的,压力,营销,市场,秀山,收入,反馈,节假日,产品,考虑,并,医院,具体,一定,薪酬,提升,-,广场,要求,预防接种,双休,推广,优先,？,22,2,内容,挑战,专业,区域,岗位,4,学习,抗,开发,售后服务,信息,等,开展,3,兴,公司,狂苗,愿意,渝北区,1,能力,【,相关,综合,B座,地点,具有,可观,临床",任职要求】1、临床、生物制剂、医学、药学、营销等相关专业,任职要求,相关专业,药学，生物,药学类，生物科学类
https://jobs.51job.com/kunshan/145558153.html,工作职责：1、编制、审核安装工程造价预算、结算和标底； 2、参与工程施工、材料和设备招标、投资控制； 3、施工全过程造价咨询服务。 任职资格：1、电气工程及其自动化、给水排水工程等相关专业毕业，大专以上学历； 2、具备安装工程预结算和造价管理专业知识； 3、两年以上造价工作经历，男女不限，45岁以下。,"毕业,具备,。,自动化,咨询服务,材料,参与,限,招标,施工,岁,等,以上,；,及其,男女,3,专业知识,，,管理,资格,编制, ,电气工程,审核,工程施工,预算,、,工程,任职,两年,以下,结算,和,全过程,给水,工作,不,1,控制,2,经历,相关,以上学历,专业,造价,安装,排水工程,职责,：,标底,预,大专,工程造价,投资,45,设备",。 任职资格：1、电气工程及其自动化、给水排水工程等相关专业毕业，大专以上学历,,以上学历,电气,电气类
https://jobs.51job.com/kunshan/148655263.html,岗位职责：辅助区域营销人员完成区域内年度订单目标及回款计划；任职资格：1.大专及以上学历，市场营销、电气相关专业优先考虑；2.学习能力强，态度诚恳，工作认真，积极主动；3.沟通表达能力强，具有一定的承压能力；,"订单,考虑,承压,市场营销,强,计划,.,；,一定,3,电气,回款,，,资格,积极主动,年度,、,任职,人员,表达能力,及,工作,目标,辅助,完成,1,优先,能力,2,以上学历,相关,沟通,诚恳,专业,的,区域,岗位职责,：,具有,大专,认真,态度,营销,内,学习",；任职资格：1.大专及以上学历，市场营销、电气相关专业,,相关专业,电气,电气类
https://jobs.51job.com/kunshan/153098754.html,工作内容：执行预防性维护计划，及时排除设备现场故障。具体职责：-  执行TPM计划，更新TPM作业记录。- 快速、准确的判断机床、自动化故障，并完成设备的应急维修。  - 配合工程师完成设备改造、改善、故障排查。- 配合工程师收集、记录备品备件信息。  - 故障再发防止对策的实施，对策横向展开至同类设备。 - 上级安排的其他工作任务。教育背景（语言）:  中专及以上学历机械、电气、自动化、机器人相关专业有英语基础加分，可借助工具看懂简易的英文标识、资料知识技能要求:   机械：千分表的使用；机械相关的维修保养；轴承装配；机床精度调整等电气：万用表、绝缘表的使用；电路故障排查；传感器设置调整；DC24/AC220/AC380V基础知识；机器人：发那科/库卡机器人  点位示教、原点设定、维护保养等工作经验要求: - 熟悉840DSL数控系统，机床的安装和维修，具备生产工艺流程及相关维护方面的知识。- 熟悉常见机械、电气、液压元器件。- 能够看懂国内外电气及液压图纸、并能进行维修。- 熟悉发那科机器人、西门子数控系统。- 3年以上机加工工作经验，汽车行业优先。,"对策,）,任务,能,可,至,AC220,年,电气,基础知识,备品备件,、,上级,及,工作,国内外,汽车行业,现场,准确,维修,以上学历,传感器,工具,机械,库卡,工程师,：,DC24,设定,具备,。,自动化,轴承,生产,应急,方面,发那科,有,调整,计划,以上,排查,；,千分表,资料,，,840DSL,经验,借助, ,进行,电路,元器件,再发,预防性,点位,西门子,AC380V,收集,展开,配合,作业,装配,语言,万用表,的,知识,使用,数控系统,其他,执行,改善,并,背景,具体,机器人,设置,示教,中专,-,分,机床,要求,和,熟悉,能够,机加工,教育,懂,完成,实施,优先,加,排除,内容,精度,记录,专业,绝缘,维修保养,常见,设备,基础,工艺流程,防止,TPM,标识,判断,看,简易,信息,等,故障,图纸,3,改造,安排,英文,横向,/,（,技能,更新,及时,原点,保养,相关,液压,表,:,英语,安装,职责,快速,同类,维护",。教育背景（语言）:  中专及以上学历机械、电气、自动化、机器人相关专业,,相关专业,电气,电气类
https://jobs.51job.com/kunshan/154479083.html,【工作职责】1、协助抖音信息流短视频的拍摄与剪辑；2、了解抖音内容风格与近期热点，参与打造爆款视频；3、与编导及投放团队保持良好沟通，根据需求优化视频内容与剪辑。【岗位要求】1、大专及以上在校生，每周出勤3天及以上，能持续实习3个月及以上；2、广告传媒相关专业，能使用主流视频编辑软件如PR、爱剪辑、剪映等；3、对短视频创作有热情，网感好，抖音重度用户、有抖音短视频剪辑经验优先；4、外向开朗，积极主动，具备良好的逻辑思维、沟通表达和团队协作能力。【工作地点】嘉定新地标甲级高端写字楼：上海嘉定区墨玉南路1018号西上海大厦（距离11号线安亭地铁站5分钟，距离大型美食广场5分钟）【薪资待遇】200元/天，按自然月结算，每月7号发薪,"200,）,元,能,逻辑思维,每月,嘉定,新,待遇,个,、,投放,地标,结算,及,工作,协作,自然,热点,保持良好,写字楼,热情,视频,南路,根据,：,与,音短,抖音,具备,。,软件,近期,剪辑,参与,有,发薪,打造,地铁站,以上,；,实习,，,薪资,高端,嘉定区,经验,】,优化,表达,爱,5,11,在校生,视频剪辑,分钟,沟通,良好,广告,天及,的,外向,安亭,使用,重度,用户,好,开朗,号西,7,拍摄,墨玉,协助,广场,积极主动,了解,要求,和,大型,剪映,短,有抖,优先,号线,距离,2,内容,风格,1018,如,专业,岗位,4,上海,传媒,号,爆款,大厦,团队,对,等,出勤,3,信息流,编辑,天,创作,需求,/,甲级,（,网感,月,PR,1,能力,【,美食,编导,相关,主流,地点,职责,大专,每周,按,持续",岗位要求】1、大专及以上在校生，每周出勤3天及以上，能持续实习3个月及以上；2、广告传媒相关专业,岗位要求,相关专业,广告,新闻传播学类
https://jobs.51job.com/kunshan/154312421.html,"职责描述：1、负责完成电机结构设计，包括电机概念数模设计、电机总成/定转子总成/零件3D数模及2D图纸、测量规范等技术文档编写；2、负责对竞品电机样品进行分析和研究；3、负责电机参数路算法、电机电磁仿真、电机热分析以及电机噪音振动尖锐度响度分析对电机进行优化设计；4、负责跟进电机的样件试制，审核电机性能试验报告，分析解决产品研发过程中出现的技术问题；5、负责专利查询、解读和申请，完成公司的专利申报指标；6、负责将新研究的结构、技术，编写成技术论文，形成技术库；7、负责产品DRBFM和DFMEA的编制。任职要求：1、本科及以上，电机、电气、自动化等相关专业；2、需有汽车无刷鼓风电机设计经验5年以上，包括电机结构或电磁设计；  3、熟练使用电机底层公式对电机进行路算法设计计算；4、熟练使用Maxwell对电机进行电磁场分析模拟；5、 熟练运用中望、Inventor、SolidWorks、等三维软件，绘制3D/2D；6、独立快速完成电机手工样件组装，制作非标零件样品，设计DOE实验，测试电机性能；7、有DRBFM,DFMEA等产品设计工具使用经验，并可以编制DRBFM和DFMEA；8、熟练使用办公软件，对实验数据和测试结果进行汇总和工作汇报；9、 对电机进行累计公差计算，优化电机公差设计。","热,编写成,组装,仿真,年,技术,电气,结果,编制,新,无刷,描述,尖锐,、,数据,包括,公差,及,负责,底层,Maxwell,过程,申报,测试,测量,工具,办公,2D,：,转子,编写,计算,。,自动化,软件,三维,有,9,中,SolidWorks,汇总,以上,可以,；,熟练,总成,，,或,本科,DOE,经验,3D,问题,度, ,优化,进行,审核,指标,任职,累计,5,,,形成,专利,库,非标,独立,电磁,试制,DRBFM,算法,研发,的,概念,使用,8,产品,电机,规范,中望,并,手工,跟进,7,振动,出现,研究,数模,解读,以及,模拟,DFMEA,结构设计,鼓风,路,定,响度,要求,和,噪音,完成,性能,6,2,汽车,实验,专业,公式,设计,绘制,制作,4,论文,需,将,试验报告,对,图纸,等,电磁场,3,公司,申请,零件,/,参数,Inventor,查询,竞品,分析,工作汇报,运用,产品设计,1,样品,样件,相关,解决,文档,职责,结构,快速",任职要求：1、本科及以上，电机、电气、自动化等相关专业,任职要求,相关专业,电气,电气类
https://jobs.51job.com/kunshan/121935131.html,负责为客户提供产品售后技术服务：通过各种方式，为客户提供本公司销售产品的各种售后服务，包括客户培训、设备安装、故障处理等问题，并收集整理客户的反馈信息，做好客户关系管理；负责产品质量跟踪：收集技术服务中发现的质量问题，向研发、生产、质量等相关部门反馈客户投诉，组织问题分析、明确责任主体、跟踪技术鉴定，推动投诉处理，及时向客户反馈结果并定期回访；负责产品质量改进意见收集和建议：根据投诉总结与市场反馈，总结产品的质量、性能等情况，并向技术部门提出产品改进意见，协调拟定改进方案，跟踪改进进程，及时向一线销售通报改进结果，促进产品质量的改善；完成上级临时安排的工作任务。任职条件：   1、知识要求：计算机或通信相关专业专科以上学历；       2、经验要求：有轨道交通相关行业售后技术支持工作经历者优先；       3、技能要求：会使用Word、Excel等办公软件、熟练计算网络配置和操作系统的优先；       4、素质态度要求：良好沟通协调能力，良好亲和力，高度的责任心和良好的团队协作精神，适应出差。,"回访,任务,技术,做好,跟踪,各种,结果,拟定,部门,、,上级,包括,工作,协作,负责,配置,以上学历,为,Excel,办公,：,根据,与,临时,会,计算,协调,条件,。,软件,生产,技术鉴定,一线,质量,有,投诉,中,；,熟练,责任心,，,或,售后,管理,提出,经验,服务, ,问题, ,情况,意见,任职,推动,出差,定期,建议,高度,培训,提供,经历,收集,沟通,总结,良好,客户关系,的,研发,本,知识,使用,态度,市场,轨道交通,反馈,进程,产品,方案,改善,并,明确责任,通报,组织,网络,者,要求,和,素质,完成,性能,优先,行业,2,主体,技术支持,销售,专科,专业,Word,4,设备,向,促进,售后服务,产品质量,团队,信息,等,故障,精神,通信,3,亲和力,客户,安排,公司,通过,发现,处理,操作系统,技能,分析,1,及时,能力,方式,相关,适应,计算机,收集整理,安装,改进",。任职条件：   1、知识要求：计算机或通信相关专业专科以上学历,,以上学历,计算机,计算机类
https://jobs.51job.com/kunshan/147580517.html,岗位职责：1、拟定采购部门的工作方针与目标，拟定并完善本部门相关管理制度和流程；2、规划供应商开发计划，审核供应商资质，核比议价流程管理，认证体系建立，完善供应商辅导，协助供应商持续精进及降低采购成本；3、参与供应商订货业务洽谈，降低采购成本，完善招标流程，针对大额订单进行招标采购，进行市场分析，熟悉各种物资的供应渠道和市场变化情况，对大宗产品的采购价格给出指导性意见；4、根据部门采购计划，分解、执行、跟踪、监督到位；职位要求：1、本科及以上学历，计算机相关专业毕业， 5年以上供应商管理和采购管理工作经验优先2、精通采购管理流程，熟悉信创、国产化、软硬件采购供应商情况者优先；3、精通供应商管理知识，包括新供应商开发、评价，建立合格供方体系等；4、熟悉合同法等国家相关法律、法规和政策及一定的财务知识；5、具备优秀的谈判能力、沟通协调能力、成本控制意识、团队合作精神等；6、强烈的责任心与事业心，遵纪守法，廉洁奉公。,"毕业,供应商,指导性,辅导,核比,合格,价格,大宗,年,强烈,跟踪,各种,优秀,新,拟定,到位,部门,分解,、,包括,及,工作,目标,评价,控制,政策,认证,监督,以上学历,国家,合同法,：,根据,完善,与,管理制度,合作,订单,具备,协调,。,计算机相关,参与,方针,以上,资质,；,责任心,精进,规划,，,降低,管理,本科,经验,廉洁奉公, ,采购,审核,进行,情况,意识,意见,5,成本,供应,法规,沟通,渠道,管理工作,的,知识,本,软硬件,针对,执行,市场,建立,产品,精通,并,大额,事业心,物资,一定,协助,体系,国产化,者,职位,要求,和,熟悉,优先,订货,6,2,专业,开发计划,给出,4,财务,谈判,开发,招标,对,团队,等,精神,3,信创,洽谈,采购计划,供方,分析,流程,遵纪守法,1,能力,变化,相关,岗位职责,议价,业务,法律,持续",；职位要求：1、本科及以上学历，计算机相关专业,,相关专业,计算机,计算机类
https://jobs.51job.com/kunshan/154533278.html,任职要求：1、本科（含）以上学历，CET-4以上，能熟练阅读英文资料，机械、电子电气相关专业；2、了解机械或电子电气相关原理以及加工工艺具，有工艺编制经验；3、具有高度的责任心和团队合作精神。（优秀者可适当放宽要求）职位福利：五险一金、免费班车、节日福利、定期体检、带薪年假、包吃、周末双休、绩效奖金,"。,）,一金,有,周末,团队,能,班车,以上,原理,熟练,；,精神,加工,责任心,资料,3,优秀者,电气,节日,，,具,或,本科,年,-,电子,经验,工艺,以及,英文,编制,CET,带薪,放宽,职位,了解,（,、,任职,要求,和,双休,定期,1,绩效奖金,适当,高度,2,含,五险,以上学历,阅读,相关,机械,体检,专业,福利,的,具有,：,包吃,假,免费,合作,4,可",任职要求：1、本科（含）以上学历，CET-4以上，能熟练阅读英文资料，机械、电子电气相关专业,任职要求,相关专业,电气,电气类
https://jobs.51job.com/kunshan/125440215.html,岗位职责：1.负责对客户进行产品使用培训，了解客户的技术需求，满足客户所需；2.负责设备在客户端的安装调试、维护，现场解决客户硬件、软件应用及系统问题，服务过程中的信息要及时反馈给公司业务及技术相关人员，并做好安装调试记录；3.编写制定设备操作规范，配合研发工程师对产品进行改善。任职要求：1.有自动化行业设备调试经验者优先；2.大专以上学历，机械/电气工程/设备/自动化或机电一体化等相关专业3.了解自动化电气的基本操用，了解PLC通信和控制技术、工业总线控制；4.熟悉电气相关绘图软件的使用；5.服从上级安排，具有良好的团队协作精神，积极主动完成分配的任务，能适应阶段性出差。,"满足,任务,能,.,技术,电气,做好,绘图,操用,总线,、,上级,及,协作,负责,软件应用,现场,控制,过程,以上学历,机械,工程师,：,编写,。,自动化,软件,调试,有,中,；,所,，,基本,或,经验,服务,问题,分配,进行,任职,5,出差,培训,PLC,操作,良好,配合,研发,的,使用,服从,反馈,机电,产品,规范,改善,并,要,者,积极主动,了解,控制技术,人员,要求,和,熟悉,完成,给,优先,行业,2,记录,专业,客户端,4,设备,在,需,系统,制定,一体化,对,信息,等,团队,精神,通信,3,客户,安排,公司,电气工程,需求,/,工业,1,及时,相关,适应,解决,安装,岗位职责,具有,阶段性,业务,大专,硬件,维护",任职要求：1.有自动化行业设备调试经验者优先；2.大专以上学历，机械/电气工程/设备/自动化或机电一体化等相关专业,任职要求,相关专业,电气,电气类
https://jobs.51job.com/kunshan/154487258.html,岗位描述:该职位负责车辆转向产品开发的管理，包括但不限于电力转向(EPS)系统和线控转向系统。首席系统工程师需要监督和协调所分配项目的所有系统工程活动，包括项目状态报告，时间计划准备，资源分配，客户需求引出，系统需求和架构开发，可追溯性度量的生成，功能安全分析，系统需求影响分析，变更。岗位职责:·在每个v周期和项目生命周期中管理车辆转向产品的开发，创建和维护系统发布计划。·准备系统交付包和系统发布单。监督并领导所分配项目的所有系统工程活动，包括项目状态报告，时间计划准备，资源分配，变更管理，系统影响分析，并满足每个v周期和项目生命周期的工程里程碑。·协调工程风险管理，客户需求，系统需求等。关键技能:·在多个领域(如软件，电子，电机，控制，传感器，机械)的经验。有ECU设计经验优先考虑。具有复杂系统的功能设计经验有项目管理经验。·需求管理以及相关工具(IBM Rational DOORS)的实践经验。具备与全球和虚拟团队合作的能力·建立关键技能和培养关键人才的能力·优秀的沟通能力流利的英语口语和书面表达(有海外工作经验者优先考虑)·具有SysML操作经验(熟悉);教育:本科及以上学历，汽车工程、电气工程、机械工程、控制工程、软件工程等相关专业。经验:3年以上汽车行业相关工作经验。有EPS经验者优先考虑。,"满足,虚拟,关键,流利,年,该,电子,优秀,描述,、,包括,周期,及,工作,汽车行业,机械工程,负责,(,创建,控制,状态,监督,传感器,以上学历,机械,工具,培养,工程师,架构,与,书面,风险管理,合作,发布,协调,具备,。,软件,准备,IBM,有,计划,中,控制工程,以上,活动,所,，,管理,本科,经验, ,分配,表达,产品开发,软件工程,全球,项目,人才,安全,性,多个,海外,操作,沟通,度量,限于,影响,的,电力,复杂,首席,系统工程,功能设计,所有,可追溯,建立,产品,考虑,电机,并,时间,领导,DOORS,单,里程碑,以及,者,职位,工程,和,EPS,资源分配,熟悉,不,教育,SysML,包,优先,汽车,报告,如,v,专业,),转向,ECU,生成,岗位,每个,交付,设计,车辆,·,在,系统,开发,领域,团队,项目管理,等,变更,3,客户,需要,功能,电气工程,需求,技能,分析,英语口语,能力,但,引出,生命周期,相关,实践经验,:,线控,岗位职责,具有,;,维护,Rational",。具备与全球和虚拟团队合作的能力·建立关键技能和培养关键人才的能力·优秀的沟通能力流利的英语口语和书面表达(有海外工作经验者优先考虑)·具有SysML操作经验(熟悉);教育:本科及以上学历，汽车工程、电气工程、机械工程、控制工程、软件工程等相关专业,,相关专业,控制工程，电气,自动化类，电气类
https://jobs.51job.com/kunshan/156191295.html,工作内容：负责市政工程项目的规划、设计、施工和管理，确保项目按时按质完成，并达到预期的投资回报和社会效益。具体职责包括：- 项目规划和管理：制定项目计划，安排项目进度，控制项目成本，协调项目各方，确保项目顺利实施。- 设计和审核：对项目进行设计审核，确保项目符合标准和要求，并避免后期设计变更带来的影响。- 采购和合同管理：按照项目需求，对项目所需的材料、设备和服务进行采购，并管理项目的合同关系。- 现场协调和沟通：协调项目现场各方，确保施工安全和进度，并与客户保持良好的沟通。- 项目收尾：对项目进行收尾，包括验收项目成果，对未完成的项目进行总结和回顾，并为后续项目提供参考。职位要求：- 大学本科以上学历，市政工程或相关专业背景，5年以上市政工程项目管理经验。- 熟悉市政工程项目的规划、设计、施工和管理流程，具备较强的组织协调能力和沟通能力。- 熟练掌握市政工程项目管理的理论知识，了解相关法律法规，具备良好的风险意识。- 具备良好的财务管理和成本控制能力，能够对项目成本进行有效控制。- 具备良好的团队合作精神和领导力，熟悉项目团队管理，能够有效协调各方资源。- 良好的沟通和协调能力，能够与项目现场各方保持良好的沟通和协调。1）遵纪守法，品行端正；身体健康，责任心强；具有良好的大局意识和团队协作精神。（2）实际从事市政工程（城镇道路工程，城市桥梁工程，城市轨道交通工程，城市给水排水工程厂站工程，城市给水排水、燃气、供热管道工程，生活垃圾填埋处理工程，城市绿化与园林附属工程）项目施工、技术管理工作15年左右，其中至少具有4 个工程项目经理部班子成员（项目经理或副经理或总工）岗位工作经历和实际业绩；年龄40周岁以下（1984年5月31日后出生），特别优秀者，年龄适当放宽。（3具有市政公用工程专业一级建造师职业资格证书。（4）大学专科及以上学历，市政工程类、工程经济类、工程管理类、工程造价类相关专业毕业。（5）有较强的组织管理、协调沟通能力，较强的语言和文字表达能力。（6）热爱工程建设事业，乐于并擅长从事工程建设工作。,"毕业,有效,）,实际,类,日后,年,回报,技术,控制能力,城镇,各方,个,、,关系,大学专科,40,包括,及,工作,按时,31,职业,协作,附属,负责,经历,控制,带来,现场,后期,保持良好,管道工程,城市绿化,公用,经济,从事,以上学历,为,资格证书,：,总工,较,与,至少,合作,垃圾,协调,具备,。,班子成员,项目经理,强,按照,有,大学本科,计划,避免,出生,擅长,以上,资源,；,特别,优秀者,责任心,规划,所,，,或,管理,领导力,顺利,经验,服务,风险意识, ,采购,审核,进行,放宽,城市,燃气,5,设计变更,成本,项目,厂站,适当,安全,社会效益,工程项目,周岁,提供,身体健康,按质,沟通,总结,良好,左右,管理工作,影响,其中,品行端正,的,一级,语言,15,热爱,工程造价,投资,市政工程,轨道交通,预期,材料,并,背景,具体,确保,验收,未,进度,符合标准,组织,-,达到,较强,业绩,职位,了解,工程,法律法规,合同,要求,和,熟悉,能够,完成,实施,供热,回顾,组织协调,经理部,6,2,副经理,内容,熟练掌握,专业,园林,岗位,建造师,设计,1984,4,设备,需,理论知识,填埋,制定,施工,对,收尾,项目管理,团队,排水,大局意识,工程建设,精神,3,客户,安排,后续,处理,需求,（,以下,表达能力,事业,城市给水,财务管理,乐于,流程,遵纪守法,月,年龄,1,能力,市政,桥梁工程,生活,相关,文字,排水工程,职责,具有,道路,成果,参考",。职位要求：- 大学本科以上学历，市政工程或相关专业,,相关专业,市政工程,土木类
https://jobs.51job.com/kunshan/151612724.html,公司属于半导体行业，主要产品为PWM控制器、SiP微模块稳压器、LED线性驱动、IPM智能功率模块、MOS管栅极驱动器、电机驱动芯片等，五天八小时，周末双休，欢迎大家投递。工作职责：1. 配合研发工程师完成产品各项电气性能的测试验证；2. 整理测试数据，编制相应测试报告和过程文档；3. 基于公司自研产品，绘制相应的电路图及PCB图、元器件选型、完成电路调试，实现功能性能；4. 完成研发工程师交办的其他工作任务。5.领导安排的其他工作任务。任职资格： 1.一本及以上学历，电气、自动化、电力电子、微电子等相关专业；2.掌握电烙铁、示波器，稳压源等电子仪器的使用方法；3.熟悉Altium Designer等电路设计软件；4.熟练掌握 office 办公软件，有一定的数据整理能力。,"交办,MOS,自研,任务,.,驱动器,电气,选型,电子,编制,管,验证,、,数据,电子仪器,及,工作,大家,过程,智能,功率,PWM,以上学历,测试,为,办公,工程师,：,LED,。,自动化,软件,调试,有,周末,稳压,；,芯片,示波器,稳压器,，,资格,半导体, ,图,电路,任职,5,整理,元器件,微模块,各项,源,方法,主要,配合,office,研发,的,电力,SiP,使用,其他,产品,电机,欢迎,控制器,领导,一定,电烙铁,和,双休,熟悉,测试数据,完成,性能,行业,2,熟练掌握,栅极,电路设计,专业,模块,相应,实现,电路图,绘制,4,PCB,测试报告,Altium,等,五天,3,IPM,安排,公司,八小时,投递,功能,一本,驱动,微电子,1,能力,基于,掌握,相关,Designer,文档,职责,属于,线性",。任职资格： 1.一本及以上学历，电气、自动化、电力电子、微电子等相关专业,,相关专业,电气,电气类
https://jobs.51job.com/kunshan/154595634.html,岗位职责：1) 协助负责业务推广、年度发展等计划的制定，涵盖营销、销售策略相关的执行工作、相关市场政策、信息的收集和整理；2) 负责项目各类宣传资料（楼书、DM、户型册等）撰写，公司各类文案的整合与完善；3) 负责项目微信平台的日常运营、撰写及节日、节气的稿件撰写；4) 负责项目广告、媒体的沟通与更新；5) 负责物料及包装制作的跟进与协调；6) 对现场活动的各个环节管理，包括：现场搭建人员调配、同时处理突发事件，以保证活动正常进行；7) 领导安排的其他事项。任职资格：1) 大专及以上学历，营销、广告、房地产等相关专业毕业优先；2) 熟悉高淳本地市场，4年以上房地产营销策划经验，至少有一个完整项目经历，甲方工作经历、知名地产公司经历优先；3) 服从工作安排，吃苦耐劳，尽职职责，廉洁从业；,"调配,毕业,稿件,）,文案,年,节日,宣传,整合,年度,正常,、,突发事件,甲方,包括,及,工作,负责,涵盖,现场,政策,同时,户型,以上学历,完整,楼书,：,完善,与,至少,微信,协调,。,有,计划,以上,；,活动,包装,资料,，,管理,资格,地产,经验,尽职, ,本地,进行,任职,5,整理,项目,经历,收集,沟通,广告,的,其他,执行,营销,市场,服从,知名,一个,领导,跟进,7,发展,销售策略,保证,廉洁,平台,搭建,协助,撰写,日常,人员,节气,和,熟悉,推广,优先,6,2,DM,专业,),从业,制作,4,房地产,事项,册,制定,对,信息,等,媒体,以,3,各个环节,安排,公司,物料,处理,（,更新,营销策划,1,各类,高淳,相关,吃苦耐劳,运营,岗位职责,职责,业务,大专",。任职资格：1) 大专及以上学历，营销、广告、房地产等相关专业,,相关专业,广告,新闻传播学类
https://jobs.51job.com/kunshan/138480798.html,岗位要求：1、19-28岁之间 对计算机感兴趣，有意从事设计方面的工作；2、中专（高中）及以上学历，具有良好的审美能力，有自己的见解；3、会基本的办公软件操作，了解各类平面设计软件（无经验，条件优秀，前期有同事带）；4、有良好的沟通能力，工作细致，能承受工作压力，踏实肯干，富有团队精神；福利待遇：1、五险一金及商业保险，双休、法定节假日正常休息；2、7.5小时工作制，高效的工作环境和氛围，完善的员工内部制度；3、公司工作环境优雅、氛围好，同事关系融洽；,"）,能,优秀,制度,见解,、,正常,及,工作,富有,前期,19,小时,从事,以上学历,办公,自己,：,完善,会,条件,软件,福利待遇,方面,有,；,带,，,基本,法定,经验, ,操作,细致,沟通,良好,的,氛围,压力,五险,节假日,好,感兴趣,中专,-,环境,了解,要求,和,双休,同事,2,平面设计,岗位,工作制,设计,无,7.5,4,团队精神,优雅,岁,对,3,内部,公司,商业保险,（,高中,员工,之间,1,能力,各类,审美,踏实,计算机,休息,具有,承受,一金及,肯干,关系融洽,有意,28,高效",岗位要求：1、19-28岁之间 对计算机感兴趣，有意从事设计方面的工作；2、中专（高中）及以上学历,岗位要求,以上学历,计算机,计算机类
https://jobs.51job.com/kunshan/154593658.html,"主要负责培训、薪酬、绩效管理，员工福利等统筹工作。负责制度建设，落实实施、企业文化建设等工作。职位要求：1、本科学历，人力资源管理、心理学、法律或相关专业，熟练使用各类办公软件，如Word、Excel、PPT 。具备一定的公文写作能力和对行政法规有一定了解，能处理简单的法律事务或对接外部法务工作，对待工作认真细致，责任心强。有良好的职业道德和职业素养，保密意识强。2、工作经验：至少3-5年以上的人力资源管理工作经验，包括招聘、培训、绩效管理、员工关系、薪酬福利等模块。3、专业知识：熟悉劳动法、社会保险法等相关法律法规，对人力资源管理的理论和实践有深入理解""沟通能力，能够与各部门和员工有效交流；良好的组织协调能力，能处理复杂的人际关系；","有效,能,简单,年,制度,公文,实践,文化,部门,法等,、,关系,各,包括,员工福利,工作,职业,负责,Excel,办公,福利,：,与,至少,劳动法,具备,。,软件,强,有,以上,熟练,；,责任心,，,或,管理,PPT,经验, ,意识,5,绩效,社会保险,招聘,培训,法规,法务,建设,沟通,良好,主要,的,复杂,使用,统筹,"",写作能力,一定,专业知识,薪酬,-,对接,外部,职位,落实,了解,法律法规,要求,资源管理,和,熟悉,对待,能够,心理学,实施,组织协调,2,理论,人际关系,理解,如,专业,Word,模块,法律事务,行政,本科学历,对,职业道德,等,保密,素养,3,认真细致,人力,企业,处理,员工,1,能力,各类,相关,深入,交流,法律",。职位要求：1、本科学历，人力资源管理、心理学、法律或相关专业,,相关专业,法律,法学类
https://jobs.51job.com/kunshan/146768679.html,职位信息：1)产品硬件电路原理图设计、PCB设计、电子元器件选型和物料BOM的制定整理；2)产品功能调试、测试验证、研发问题解决； 3)其它岗位相关工作。任职要求： 1)本科及以上学历，电子工程、自动控制、计算机、通信等相关专业，可接受应届毕业生； 2)熟悉一般电力电子元器件工作原理及应用，熟悉模拟和数字电路，有较强电路分析、设计能力，会使用示波器，万用表，烙铁等基本工具； 3)熟悉使用Candance开发环境； 4)有单片机，ARM或 FPGA等电路调试能力； 5)积极主动，责任心强，富有创新意识，具备良好的沟通、学习能力和团队协作精神。,"可,原理,电子,选型,验证,、,及,工作,富有,协作,数字电路,以上学历,测试,创新,烙铁,工具,：,较,会,具备,。,调试,强,有,；,示波器,责任心,一般,，,基本,或,本科,问题, ,BOM,意识,电路,其它,任职,5,元器件,整理,沟通,良好,接受,万用表,研发,的,电力,使用,产品,模拟,环境,积极主动,职位,工程,要求,应用,和,熟悉,2,ARM,原理图,专业,),FPGA,岗位,设计,4,学习,毕业生,PCB,开发,制定,Candance,应届,团队,信息,等,精神,通信,3,功能,物料,分析,1,能力,自动控制,单片机,相关,解决,计算机,硬件",任职要求： 1)本科及以上学历，电子工程、自动控制、计算机、通信等相关专业,任职要求,相关专业,计算机,计算机类
https://jobs.51job.com/kunshan/144233974.html,工作内容1、负责家具生产设备的日常保养维护、异常修理、设备改造工作；2、负责新设备引进评估、初期架设工作；协助工艺部门解决工程异常问题；3、协调处理工厂设施方面的维修、改造和保养工作；4、及时处理紧急抢修工作，以确保生产的正常进行；5、有效管理设备文档工作。任职资格1、大学专科以上学历，机械设备、电气相关专业；2、熟练操作Office、AutoCAD软件；3、5年以上 制造工厂设备维修管理经验，3年以上家具工厂设备维修管理经验。,"协调,。,有效,软件,生产,方面,初期,架设,确保,以上,；,修理,熟练,以,机械设备,3,年,电气,及时处理,，,改造,管理,设施,资格,协助,工艺,经验,新,问题, ,部门,抢修工作,进行,处理,AutoCAD,工程,引进,、,日常,正常,5,任职,和,大学专科,Office,家具,工作,异常,负责,1,2,内容,紧急,保养,维修,操作,以上学历,评估,解决,相关,专业,的,文档,制造,工厂,维护,4,设备",。任职资格1、大学专科以上学历，机械设备、电气相关专业,,相关专业,电气,电气类
https://jobs.51job.com/kunshan/153927707.html,工作内容：财务专员的主要职责是负责公司财务部门的日常运营和财务管理。具体职责包括：- 负责公司各项财务报表的准备、提交和跟进；- 处理公司日常开支和费用的支付和结算；- 负责公司固定资产的管理和清查；- 协助公司财务数据分析和报税；- 遵守公司财务制度和规定，协助管理层进行风险控制；- 完成上级领导交办的其他工作。职位要求：- 大学本科或以上学历，财务、会计、审计等相关专业；- 具备较强的财务数据分析和报告撰写能力；- 熟练掌握财务软件，如金蝶、用友等；- 具备良好的沟通协调能力和团队协作意识；- 熟练使用 SQL 进行数据库查询和操作。,"风险,交办,费用,SQL,财务报表,、,结算,包括,工作,协作,负责,控制,以上学历,：,专员,财务制度,具备,。,协调,准备,规定,大学本科,；,熟练,上级领导,，,财务部门,管理,或,公司财务, ,管理层,进行,意识,数据分析,各项,金蝶,操作,沟通,良好,的,使用,其他,会计,具体,跟进,-,协助,较强,职位,撰写,是,日常,开支,要求,和,审计,完成,数据库,内容,熟练掌握,报告,如,专业,主要职责,提交,财务软件,遵守,财务,支付,固定资产,团队,等,用友,公司,报税,清查,处理,查询,财务管理,能力,相关,运营,职责",。职位要求：- 大学本科或以上学历，财务、会计、审计等相关专业,,相关专业,财务,工商管理类
https://jobs.51job.com/kunshan/151985712.html,"职位描述 ：1. 负责带领团队完成储能逆变器或者MPPT数字电源产品的开发;2. 负责带领团队完成电力电子控制相关软件部分的算法设计及代码实现、以及系统集成和测试;3. 负责软件系统方案的设计及产品功能实施方案的调研;4. 负责疑难问题的解决和核心算法技术攻关;5. 负责数字电源方案制定、软件流程规划与实施、测试方案定制与验证;6. 负责相关技术文档的编写。任职要求 ：1. 具备计算机、自动化、电子等相关专业本科以上学历,具有5年以上PFC/LLC/逆变器/MPPT电源软件开发经验;2. 具备良好的代码编写习惯,精通C/C++,精通数据结构;3. 熟悉基于stm32系列单片机等各种嵌入式处理器架构的软件开发和调试经验。",".,年,技术,电子,各种,C,描述,验证,、,核心,及,LLC,负责,攻关,储能,控制,代码,以上学历,测试,：,架构,与,编写,数字,具备,。,软件,自动化,习惯,调试,电源,处理器,以上,部分,规划,MPPT,系列,经验, ,PFC,任职,5,,,良好,软件开发,算法,的,电力,产品,方案,或者,精通,C++,嵌入式,以及,stm32,职位,调研,要求,和,熟悉,逆变器,完成,实施,6,2,疑难问题,设计,实现,4,开发,定制,制定,数据结构,团队,等,软件系统,3,功能,系统集成,带领,/,流程,1,实施方案,基于,单片机,相关,解决,计算机,专业本科,;,文档,具有",任职要求 ：1. 具备计算机、自动化、电子等相关专业本科以上学历,任职要求,以上学历,计算机,计算机类
https://jobs.51job.com/kunshan/136682729.html,工作职责：    1、负责对潜在投资对象进行行业和公司数据收集和整理，撰写行业分析报告、公司研究报告；    2、运用专业知识进行数据分析和统计建模，测试并完善现有交易策略，并能够对交易策略进行持续跟踪和优化；    3、协助团队收集并分析拟投股票行业及公司信息，形成行业及公司投资分析报告；    4、对拟投项目进行尽职调查，形成调查报告并作出投资价值分析；    5、关注市场动态，及时、真实、准确跟踪已投资目标和对标企业的信息、重要公告；    6、配合完成部门其他工作。    任职要求：    1、***硕士以上学历，统计、金融、计算机科学、应用数学等专业，能熟练运用数据分析工具，有一定计算机编程和数学建模能力，具备基金/证券从业资格证，有CFA、CPA、FRM等专业资格者优先；    2、对金融市场和金融交易有充分的兴趣，学习能力强，致力于把金融行业作为事业的发展方向。善于接纳和运行新的理念和技术，不畏挑战；    3、具备扎实的数理功底，有较强的逻辑思维能力和数学分析能力，勤于思考，乐于钻研，能通过主动学习和探索解决问题；    4、具备较强的自我学习能力、创新能力、独立思考和解决实际问题的能力；    5、自律能力强，品行端正，遵纪守法，具有良好的职业操守、团队合作精神以及保密意识；    6、有较强的承压能力，能接受不定时出差、加班的工作要求。    年龄30岁以下，不符以上条件者请***递简历，合则约见，谢绝电话来访！,"拟,运行,承压,合则,善于,能,统计,逻辑思维,实际,技术,跟踪,条件者,新,约见,*,部门,、,对象,数据,及,工作,目标,职业,方向,负责,准确,接纳,操守,电话,关注,以上学历,测试,公告,工具,：,！,完善,较,创新能力,金融交易,合作,交易,具备,。,作出,勤于思考,强,有,资格证,加班,以上,；,熟练,，,CFA,解决问题,资格, ,尽职, ,问题,优化,进行,理念,意识,任职,5,整理,出差,简历,主动,形成,项目,市场动态,数据分析,重要,功底,FRM,钻研,收集,良好,接受,配合,股票,品行端正,的,已,投资,其他,独立思考,不畏,证券,并,数学分析,硕士,充分,一定,发展,作为,研究,专业知识,CPA,计算机科学,来访,现有,探索,协助,以及,较强,者,撰写,要求,应用,和,建模,致力于,能够,不,谢绝,潜在,完成,优先,编程,行业,6,2,扎实,价值,挑战,报告,专业,把,从业,基金,4,学习,对拟,自律,自我,岁,对,团队,信息,等,请,保密,精神,3,兴趣,金融市场,公司,投,企业,通过,不符,/,以下,事业,分析,数学,定时,乐于,运用,遵纪守法,年龄,1,调查报告,及时,能力,30,真实,策略,解决,递,计算机,对标,职责,数理,具有,调查,金融,持续",任职要求：    1、***硕士以上学历，统计、金融、计算机科学、应用数学等专业,任职要求,等专业,计算机,计算机类
https://jobs.51job.com/kunshan/147318570.html,工作职责在这里，你将从事应用层软件、中间件软件、底层软件等的设计开发，可以采用敏捷开发模式、基于Autosar、MCAL等先进的软件设计开发理念，接触最前沿的产品-智能网联、智能门控、复杂车身域系统、高端网关、智能驾驶、新能源、高安全底盘电控、智能座舱等，成为软件技术的专家。你将参与汽车产品的软件研发工作，包括但不限于：1.完成从客户需求到软件需求开发、软件架构设计、详细设计及代码实现、再到量产维护等产品生命周期中的各个环节；2.创造性解决产品软件在实现过程中的技术难题，应用前沿技术提升产品的核心竞争力，如性能调优、可靠性、功能安全、信息安全等；3.有机会参与业界前沿技术研究和规划，参加汽车行业软件相关***，与全球专家一起交流，打造恒润业界影响力；4.与资深专家一起研究提升，开发有深度的专利等工作。任职要求1.本科及以上学历，电子信息、自动化、通信、计算机、车辆工程、软件、控制、测控、机械电子等相关专业；2.热爱编程，基础扎实，熟悉掌握但不限于C++/C/Python/JAVA等编程语言中的一种或数种，有良好的编程习惯；3.优先条件：（1）了解汽车电子或网络相关标准者优先；（2）不满足于课堂所学，在校期间积极参加校内外各类编程/电子大赛等者优先；（3）熟练掌握单片机原理及其外设，有单片机使用经验者优先。,"应用层,这里,可靠性,）,门控,满足,车身,创造性,原理,.,及其,技术难题,电子,C,*,数种,编程语言,、,包括,核心,中间件,及,工作,智能网,底层,控制,座舱,详细,成为,网关,过程,智能,代码,等者,从事,以上学历,机械,再,积极,大赛,：,信息安全,与,MCAL,你,标准,条件,。,软件,业界,自动化,参与,习惯,有,打造,中,可以,；,调优,产品软件,规划,，,或,参加,本科,高端,经验,竞争力,新能源,敏捷,全球,理念,任职,于,电子信息,专利,深度,安全,JAVA,软件设计,良好,限于,研发,的,恒润,复杂,热爱,电控,使用,域,联,采用,产品,量产,C++,所学,软件技术,研究,提升,-,网络,行业软件,一种,者,资深,了解,工程,从,影响力,测控,要求,应用,Autosar,和,熟悉,一起,高,不,软件架构,完成,性能,优先,编程,校内外,汽车,2,扎实,机会,熟练掌握,在校,如,期间,专业,设计,实现,接触,车辆,4,基础,在,系统,开发,将,前沿技术,等,先进,通信,3,各个环节,客户,Python,功能,需求,到,/,（,最前沿,底盘,专家,外设,1,但,各类,课堂,生命周期,基于,掌握,单片机,相关,模式,解决,计算机,交流,职责,维护,驾驶",任职要求1.本科及以上学历，电子信息、自动化、通信、计算机、车辆工程、软件、控制、测控、机械电子等相关专业,任职要求,相关专业,计算机,计算机类
https://jobs.51job.com/kunshan/150894895.html,注意：此岗位前期base广州番禺总部，后期需外派至省外分子公司！介意者慎投！岗位职责： 负责产品成本的归集，分配、核算进行账务处理； 负责相关费用，产品成本分析； 协助制定各部门成本费用指标，推动成本控制方法实施，实现节支降耗； 上级领导安排的其他工作。 任职资格：  1、本科或以上学历，会计、财务管理相关专业；  2、具有生产、制造行业企业财务工作经验，有报表合并优先；  2、熟练操作财务软件，熟练使用office等办公软件，操作ERP系统，具有合并报表经验优先；  4、熟悉国家会计、税务等法律法规；  5、较强的数据敏感性和分析能力，良好的沟通和协调能力，能承受一定的工作压力。,"费用,合并,能,番禺,产品成本,至,部门,、,各,数据,工作,前期,负责,控制,后期,慎,以上学历,办公,国家,：,！,税务,协调,。,软件,生产,账务,有,；,熟练,上级领导,，,或,本科,资格,经验,注意, ,分配,进行,指标,核算,任职,5,推动,成本,降耗,操作,方法,沟通,良好,office,广州,的,使用,压力,其他,节支,介意,会计,分子,总部,一定,协助,较强,者,法律法规,和,熟悉,实施,优先,行业,2,ERP,敏感性,专业,岗位,实现,外派,财务软件,4,需,系统,此,制定,成本费用,归集,等,安排,公司,投,企业财务,base,处理,分析,财务管理,报表,1,能力,相关,岗位职责,具有,承受,制造,省外",。 任职资格：  1、本科或以上学历，会计、财务管理相关专业,,相关专业,财务,工商管理类
https://jobs.51job.com/kunshan/154593978.html,工作职责:1.负责公司产品的市场推广，消化有关的技术资料，制作相应的市场宣传资料；2.负责社会化媒体矩阵的搭建(微信、微博、头条、抖音、快手及小红书的日常运营及推广工作)；3.负责短视频账号的日常运营，包括日常的内容策划，编辑，推广等运营工作；4.分析运营数据，结合数据及用户反馈制定并调整运营策略，提高用户量、阅读量和互动量，提升商品销售转化率，提高营收；5.配合销售部门调研用户需求、拍摄制作相关视频，增长企业关注度；6.不定期在抖音、快手平台直播，提高粉丝关注度。任职要求:1.大专及以上学历，新闻，广告，传播等相关专业者优先；2.有1年及以上新媒体运营工作经验者优先；3.孰悉抖音，视频号等短视频以及微信公众号视频号等自媒体平台；4.能时刻从用户角度出发，具有较强的用户分析及热点敏感性；5.扎实的文案功底，优秀的文案写作能力；6.热爱新媒体工作，有运营思维、审美好。,"消化,有关,能,文案,.,直播,年,技术,优秀,宣传,新,部门,、,数据,包括,量,及,工作,负责,(,热点,视频,以上学历,阅读,出发,思维,抖音,微信,。,社会化,策划,调整,有,以上,；,资料,微博,，,矩阵,经验,粉丝,营收,任职,5,转化率,功底,传播,增长,配合,广告,的,热爱,市场,公众,用户,快手,反馈,自,小红书,产品,好,并,写作能力,拍摄,提升,搭建,平台,以及,较强,者,新闻,关注度,调研,从,日常,要求,和,短,推广,优先,6,2,不定期,扎实,内容,销售,敏感性,专业,),相应,制作,角度,4,在,商品销售,号,制定,账号,市场推广,等,媒体,3,编辑,公司,企业,需求,用户量,结合,分析,头条,孰悉,1,提高,时刻,互动,审美,策略,相关,:,运营,职责,具有,大专",任职要求:1.大专及以上学历，新闻，广告，传播等相关专业,任职要求,相关专业,广告,新闻传播学类
https://jobs.51job.com/kunshan/149575585.html,技能要求：1、拥有拥有中、高级工程师职称证书（持有中级或者高级职称均可），毕业证真实有效。2、建筑、市政、结构、岩土、电力、电气、水利、测量、测绘等专业均可，专业不限。3、社保全国范围内都可以解决。4、本岗位实行不坐班制度，人员只需配合公司安排即可福利待遇：弹性工作，固定工资+专业技术人才证书补贴，社保问题可以解决。,"。,需,内,或者,）,限,福利待遇,职称,水利,岩土,中,+,等,拥有,可,可以,测绘,只,3,证书,电气,技术,，,安排,建筑,公司,制度,即可,问题,持有,真实有效,弹性,固定,（,、,要求,人员,技能,均,工作,不,中级,人才,社保,市政,1,高级,2,范围,4,都,补贴,解决,测量,实行,配合,专业,工程师,电力,：,全国,本,岗位,坐班,结构,工资,毕业证,高级职称",。2、建筑、市政、结构、岩土、电力、电气、水利、测量、测绘等专业,,等专业,电气，建筑,电气类，建筑类
https://jobs.51job.com/kunshan/154611119.html,岗位职责主要职责	工作职责描述标书制作	1-负责投标项目的标书制作，协调相关部门人员准备标书资料2-负责投标网站系统的信息维护及招标信息的收集汇报整理商务谈判、合同预审跟进	1-跟进和收集销售人员与客户进行商务谈判的相关信息资料，负责在合同签署前对合同文本进行自审，确保公司利益合同评审	1-负责把合同评审和合同变更评审记录、结果书面传递到相关部门合同归档管理	1-负责销售合同的分类建档管理，并建立合同及合同执行情况电子台账合同发货管理	1-根据与客户的合同约定交货要求，及时办理发货的相关手续，并跟进发货情况，确保货品按期交付，做好发货台账的记录合同履行监督	1-负责跟进项目合同的财务履约工作，并监督合同的执行合同结算与决算	1-负责合同的结算与决算工作，并将结果信息传递给合同签订的对应销售人员2-负责按月与客户做好对账工作销售人员服务管理	1-负责按照公司考勤管理规定，办理销售人员出差手续，对销售人员进行考勤，并进行抽检、核实2-负责按照公司财务管理规定，办理销售人员报销手续，并对票据进行稽核3-负责对销售人员反馈的问题和意见进行内部各部门的沟通与协调通用职责反馈汇报	1-学习上级各类会议和制度精神，并积极贯彻实施2-定期向领导汇报所辖业务领域的工作进展、思路、问题及改进建议临时任务	上级领导交代的其它任务岗位发展晋升渠道	营销主管任职资格教育背景	市场营销类、管理类、经济类、文秘类等专业，大专及以上学历工作经验	1年销售内勤工作经验知识及技能	1-具备标书制作、合同管理、档案管理等知识，石油石化业知识2-熟悉行业信息、熟悉国家相关的政策制度，具有良好的沟通能力，熟练运用办公软件岗前培训	1-公司历史背景与行业相关知识2-客户信息、档案管理、跟单管理知识，以及相关业务流程、制度、体系，员工手册,"任务,辖,类,年,业,做好,约定,电子,结果,利益,制度,思路,描述,部门,交货,、,各,结算,上级,及,工作,自审,负责,政策,前,经济,监督,以上学历,国家,办公,档案管理,评审,积极,根据,与,货品,书面,通用,临时,协调,具备,抽检,软件,准备,市场营销,	,按照,规定,归档,熟练,资料,投标,上级领导,所,，,传递,管理,资格,经验,服务,问题,进行,情况,意见,其它,按期,会议,任职,整理,出差,主管,定期,石油,项目,建议,签订,考勤,预审,培训,收集,沟通,渠道,良好,的,建档,晋升,知识,文秘,分类,执行,营销,建立,签署,反馈,履行,并,背景,领导,跟进,确保,发展,-,以及,体系,合同,人员,要求,和,熟悉,内勤,教育,稽核,合同文本,给,票据,贯彻实施,网站,行业,2,改进,标书,发货,销售,台账,记录,石化,专业,决算,主要职责,把,岗位,交付,制作,历史背景,学习,在,财务,系统,向,将,招标,办理,领域,汇报,对,信息,手续,等,业务流程,精神,变更,工作进展,核实,3,岗前,客户,内部,公司,交代,对账,到,员工,技能,财务管理,手册,月,运用,1,及时,能力,各类,相关,履约,对应,岗位职责,职责,具有,报销,业务,大专,按,商务谈判,维护,跟单",岗位职责主要职责	工作职责描述标书制作	1-负责投标项目的标书制作，协调相关部门人员准备标书资料2-负责投标网站系统的信息维护及招标信息的收集汇报整理商务谈判、合同预审跟进	1-跟进和收集销售人员与客户进行商务谈判的相关信息资料，负责在合同签署前对合同文本进行自审，确保公司利益合同评审	1-负责把合同评审和合同变更评审记录、结果书面传递到相关部门合同归档管理	1-负责销售合同的分类建档管理，并建立合同及合同执行情况电子台账合同发货管理	1-根据与客户的合同约定交货要求，及时办理发货的相关手续，并跟进发货情况，确保货品按期交付，做好发货台账的记录合同履行监督	1-负责跟进项目合同的财务履约工作，并监督合同的执行合同结算与决算	1-负责合同的结算与决算工作，并将结果信息传递给合同签订的对应销售人员2-负责按月与客户做好对账工作销售人员服务管理	1-负责按照公司考勤管理规定，办理销售人员出差手续，对销售人员进行考勤，并进行抽检、核实2-负责按照公司财务管理规定，办理销售人员报销手续，并对票据进行稽核3-负责对销售人员反馈的问题和意见进行内部各部门的沟通与协调通用职责反馈汇报	1-学习上级各类会议和制度精神，并积极贯彻实施2-定期向领导汇报所辖业务领域的工作进展、思路、问题及改进建议临时任务	上级领导交代的其它任务岗位发展晋升渠道	营销主管任职资格教育背景	市场营销类、管理类、经济类、文秘类等专业，大专及以上学历,,以上学历,财务,工商管理类
https://jobs.51job.com/kunshan/150454223.html,岗位职责：1.负责政企行业WAN解决方案，整体咨询、规划、方案设计和技术支持；2.负责政企行业WAN业务洞察，挖掘行业传输电路需求和痛点；3.理解客户/用户业务需求和痛点，输出解决方案，内部资源协调，保证需求的落地执行；4.配合销售与用户进行技术交流、技术方案宣讲、应用系统演示等工作；5.根据项目或研究需求进行数据搜集、市场调查、数据分析、行业研究、案例分析和标杆研究等。任职要求：1.本科及以上学历，计算机、软件工程、通信工程、电子信息等相关专业； 2.精通SDH、WDM、OTN等传输专业技术；3.五年以上通信、互联网、IT相关的工作背景，具备运营商行业领域设计、建设、运维经验优先；4.独立完成过相关项目策划、实施，具备相应工作经验者优先； 5.具有整体咨询、规划、方案设计和售前支持的能力；6.具有较强的分析，撰写方案能力；具备优秀的沟通技巧，演讲能力和文档呈现能力。,"WDM,互联网,洞察,.,技巧,挖掘,技术,优秀,、,数据,及,工作,负责,以上学历,：,根据,与,方案设计,输出,协调,具备,。,OTN,解决方案,策划,SDH,以上,资源,；,演讲,规划,，,或,本科,经验, ,进行,软件工程,电路,任职,5,WAN,电子信息,项目,数据分析,演示,通信工程,案例,独立,呈现,建设,沟通,配合,的,执行,市场,用户,咨询,方案,精通,标杆,背景,售前,研究,保证,较强,者,撰写,要求,应用,过,和,搜集,完成,实施,优先,行业,宣讲,6,2,技术支持,整体,理解,销售,痛点,专业,设计,相应,4,IT,系统,领域,等,通信,3,运营商,客户,内部,五年,需求,/,落地,分析,支持,1,传输,能力,相关,计算机,政企,岗位职责,交流,运维,具有,文档,业务,调查",任职要求：1.本科及以上学历，计算机、软件工程、通信工程、电子信息等相关专业,任职要求,相关专业,计算机，通信工程,计算机类，电子信息类
https://jobs.51job.com/kunshan/153127748.html,岗位职责：1、根据公司的经营策略，负责新零售营销中心的品牌策划与产品管理工作，建立和发展新零售营销中心的品牌文化及品牌价值，促进各渠道经营指标的达成；2、协同中心负责人完成各事业部的年度规划方案，并对重点产品进行品牌规划及产品管理； 3、市场调研并分析，消费者调研，竞品调研，定期进行市场情况行业及发展状况分析，为公司品牌发展决策提供依据；4、新品上市的统筹推广计划（上市前期调研、市场预估，产品卖点提炼、销售政策建议）；5、按时完成公司领导交代的其他任务。任职要求：1、本科及以上学历，医学、药学、市场营销等相关专业；2、8年以上医药品牌策划工作经验，3年同岗位工作经历，国内大型医药企业工作背景优先； 3、熟悉医药产品连锁KA、第三终端和医药电商活动项目策划，能整合线上推广、线下活动实施、广告投入、平面宣传、自媒体宣传等活动；4、了解国家和行业相关政策，具有敏锐的市场洞察力和业务推进能力；5、良好的沟通协调及团队管理能力； 6、正直诚信，富有开拓精神，勇于承担岗位责任，为公司创造价值；7、高度认同公司企业文化及价值观。,"状况,）,消费者,任务,事业部,能,年,新,宣传,文化,整合,年度,、,各,及,按时,工作,富有,前期,负责,医药,政策,投入,以上学历,洞察力,为,国家,：,根据,与,诚信,协调,。,药学,策划,市场营销,计划,岗位责任,以上,；,医学,活动,勇于,规划,，,协同,管理,本科,品牌,经验,正直, ,进行,终端,指标,情况,重点,任职,5,价值观,敏锐,中心,定期,建议,项目,高度,负责人,提供,经历,推进,渠道,良好,沟通,管理工作,国内,广告,的,第三,统筹,其他,市场,建立,8,自,产品,方案,并,背景,决策,领导,7,发展,提炼,依据,KA,了解,调研,要求,和,大型,熟悉,完成,实施,推广,优先,行业,6,2,价值,销售,认同,专业,线上,岗位,承担,经营,4,线下,市场调研,创造,促进,年同,零售,对,团队,新品,等,媒体,3,上市,公司,企业,医药企业,交代,营销中心,（,竞品,分析,1,能力,开拓精神,品牌价值,平面,相关,卖点,岗位职责,具有,业务,经营策略,达成,连锁,电商,预估",任职要求：1、本科及以上学历，医学、药学、市场营销等相关专业,任职要求,相关专业,药学,药学类
https://jobs.51job.com/kunshan/153938107.html,岗位职责：1、 协助发票开具，税务申报等相关事宜；2、 协助整理会计凭证；3、 协助处理领导交办的其他任务。岗位要求：1、会计、财务、金融、财经类大学本科及以上学历；2、具有良好的沟通表达能力、团队合作精神，抗压能力强，并推动相关工作落地；3、英语CET6，可用于工作语言。*本招聘信息相关内容最终以双方所签署的劳动合同约定内容为准,"税务,。,财务,发票,交办,会计,强,并,大学本科,任务,领导,团队,信息,等,可,；,精神,以,3,抗压,所,，,约定,协助, ,*,开具,处理,、,落地,劳动合同,要求,表达能力,推动,整理,事宜,及,工作,财经类,会计凭证,1,能力,用于,招聘,为准,2,申报,内容,相关,以上学历,良好,沟通,语言,的,岗位职责,具有,：,英语,本,岗位,最终,双方,其他,合作,金融,CET6,签署",岗位要求：1、会计、财务、金融、财经类大学本科及以上学历,岗位要求,以上学历,财务,工商管理类
https://jobs.51job.com/kunshan/127972441.html,QA岗位职责：1.负责市场和产地原料、辅料、包装材料销售退回货物的质量验收，并进行回货合格证内容复核与办理。2.不定期检查仓库库存商品养护情况，指导库管岗对成品进行正确养护。3.检查生产部门分装质量，协助检查产品生产过程中的质量，发现质量问题及时指正。4.跟踪公司产品质量信息，收集销售人员对公司公司产品在销售中的反馈意见，并进行汇总分析，协商解决方案。5.对验收样品逐批取样进行质量鉴别，经鉴别无法确定其质量问题的样品移交化验岗位化验。6.收集、整理质量管理资料，分类归档保存。QC岗位职责：1.对通过鉴别无法确定质量的疑问样品进行化验，并出具化验报告单。2.根据药品检验方法对购进货物、生产成品及生产辅料进行抽样化验，出具相应化验报告单和化验原始记录。3.记录化验室仪器的使用情况，并定期进行仪器清洁、保养维护。4.负责记录化验室试剂、试药的使用台账，归档保存。5.及时清洗化验器皿，并按标准规定清洗干净。任职要求：1.大专及以上学历；2.生物医药类及相关专业；3.有一年以上同岗位工作经验，医疗器械耗材行业优先考虑。工作时间：法定节假日休假，缴纳社保,"试剂,回货,.,移交,跟踪,清洗,库管,干净,部门,、,逐批,及,工作,负责,过程,货物,以上学历,同,QA,：,根据,仪器,与,器皿,药品,合格证,。,抽样,生产,指正,解决方案,质量,有,原料,归档,生物医药,中,汇总,以上,；,化验,资料,标准规定,协商,检验,，,管理,分装,法定,岗,包装材料,经验,问题,进行,情况,意见,任职,5,原始记录,整理,库存商品,清洁,定期,社保,指导,方法,收集,购进,取样,休假,的,分类,使用,市场,疑问,反馈,节假日,产品,考虑,并,时间,养护,验收,产地,仓库,协助,报告单,其,人员,要求,和,正确,确定,无法,经,优先,6,行业,2,不定期,类及,内容,销售,台账,记录,专业,岗位,相应,4,在,辅料,QC,检查,办理,出具,产品质量,对,信息,耗材,保存,3,缴纳,医疗器械,公司,化验室,通过,发现,复核,分析,一年,1,及时,成品,样品,保养,试药,退回,相关,岗位职责,大专,鉴别,按,维护",任职要求：1.大专及以上学历；2.生物医药类及相关专业,任职要求,相关专业,生物,生物科学类
https://jobs.51job.com/kunshan/153762474.html,岗位职责：1、制定新媒体广告计划及搭建效果评估体系；2、熟悉各平台运营环境、开通账户、交易规则、以及付费推广等，能独立完成线上营销活动的策划、推广；3、抖音系、腾讯系和百度相关广告后台账户的搭建及维护；4、广告投放数据的跟踪、统计、总结、评估及优化；5、上级交办的其他工作。任职要求：1、统招本科及以上学历，市场营销、广告、新闻、传媒等相关专业；2、拥有3年以上新媒体广告投放经验，年投放金额至少在1000万+；3、精通抖音系、腾讯系和百度旗下产品的广告后台搭建及广告投放；4、擅于广告数据统计分析及广告效果优化；5、拥有良好的沟通能力和团队合作精神。待遇:1、工资奖金: 优于行业水准的稳定岗位薪酬，额外季度绩效奖及年终奖金，公司负责建立公平公正的激励制度，为员工提供发挥创造力的平台;2、五险一金: 入职当月购买 ，一切为您保驾护航:3、工作时间: 5天8H，周末双休;4、工作&生活:舒适优雅的办公环境，配置齐全的服务设施，全无后顾之忧;5、员工关怀: 高效工作，开心生活是我们企业文化的重要部分;6、地理位置：地铁一号线新模范马路地铁口，交通便利，工作氛围优良，周边配套完善,"擅于,交办,模范,8H,齐全,旗下,能,统计,年,媒体广告,跟踪,制度,关怀,新,待遇,文化,全无,、,万,抖音系,投放,各,数据,上级,及,工作,奖金,负责,交通,配置,账户,以上学历,为,马路,办公,：,完善,奖及,至少,合作,广告投放,。,策划,市场营销,保驾护航,计划,统计分析,周末,地铁,以上,部分,；,活动,交易规则,，,本科,效果,经验, ,优化,开心,配套,任职,5,公平,年终奖金,绩效,公正,重要,系,优于,独立,提供,沟通,总结,良好,周边,广告,的,氛围,激励,其他,营销,五险,建立,您,便利,产品,精通,金额,一金,水准,时间,+,创造力,薪酬,搭建,平台,地铁口,以及,体系,新闻,环境,是,要求,和,熟悉,双休,舒适,地理位置,百度,完成,腾讯,推广,行业,6,2,我们,评估,当月,线上,专业,岗位,工资,一切,4,传媒,在,制定,购买,&,优雅,团队,等,拥有,媒体,统招,精神,后顾之忧,3,后台,额外,1000,天,公司,入职,企业,一号线,员工,发挥,1,能力,开通,生活,服务设施,相关,付费,:,运营,岗位职责,;,优良,季度,稳定,维护,高效",任职要求：1、统招本科及以上学历，市场营销、广告、新闻、传媒等相关专业,任职要求,相关专业,广告,新闻传播学类
https://jobs.51job.com/kunshan/145108656.html,1、组织班组日常会议以及各类报表的填写，做好白晚班的交接工作；2、按时完成生产计划，确保班组内各项指标的完成（如安全、质量、效率、PDSL、3Q6S等 ）3、解决生产异常问题，协调沟通并跟踪处理；4、全面掌握所在生产线的情况，熟悉设备以及生产工艺流程；5、完成上级交代的其他任务。任职要求1、大专以上学历，机械或电气相关专业优先；2、2-3年工作经验，有生产管理经验优先；3、熟练使用电脑；4、能够适应夜班、倒班。,"）,夜班,任务,效率,年,电气,做好,跟踪,生产线,班组,PDSL,、,上级,工作,按时,填写,以上学历,机械,内,协调,。,生产,质量,有,计划,；,交接,熟练,，,或,管理,经验,所在,问题, ,指标,电脑,情况,任职,会议,5,异常,各项,安全,沟通,的,使用,其他,并,确保,组织,全面,-,以及,日常,要求,熟悉,能够,3Q6S,完成,白,优先,2,如,晚班,专业,4,设备,工艺流程,等,3,交代,处理,（,报表,1,倒班,各类,掌握,相关,适应,解决,大专",任职要求1、大专以上学历，机械或电气相关专业,任职要求,相关专业,电气,电气类
https://jobs.51job.com/kunshan/151314281.html,负责配合主任设计师完成图纸深化、材料下单、现场技术交底与指导、与甲方及总包技术沟通、竣工图绘制等一系列工作。任职要求：1、 建筑、机械、土木工程及相关专业专科及以上学历，熟悉幕墙相关材料及施工工艺；2、 要求有5年以上幕墙设计工作经验；3、 会下料及绘制加工图；4、 精通Office、CAD等常用软件；5、 善于沟通协调，能够充分理解设计意图，深化设计方案；6、为人正直、诚实守信，责任心强，具有强烈的敬业精神和团队协作能力，能承受较强工作压力；,"施工工艺,CAD,善于,会下,能,年,强烈,技术,设计方案,、,甲方,及,工作,诚实,竣工,协作,负责,现场,以上学历,机械,：,与,下单,协调,设计师,。,强,有,土木工程,以上,；,责任心,，,经验, ,交底,图,任职,5,指导,意图,沟通,配合,深化,的,压力,总包,常用软件,精通,幕墙,材料,一系列,为人正直,加工,充分,较强,要求,和,熟悉,能够,料及,完成,6,2,专科,理解,守信,专业,设计,敬业精神,绘制,4,团队,图纸,等,3,建筑,Office,1,能力,相关,具有,承受,主任",任职要求：1、 建筑、机械、土木工程及相关专业专科及以上学历,任职要求,以上学历,建筑,建筑类
https://jobs.51job.com/kunshan/148930115.html,岗位职责：1.负责产品规划与设计，能根据行业发展方向及客户的需求制定产品演进规划;2.负责对接客户，收集和洞察客户潜在需求，根据用户需求设计低保真界面原型并编写产品需求说明书;3.负责对产品需求进行全生命周期管理，制定产品迭代版本计划，协助研发完成产品生产;4.负责编写产品解决方案并支撑售前，配合销售完成售前支撑及商务签单;5.负责产品的交付，按照合同要求完成产品的实施、部署、测试及验收;6、完成上级安排的其他工作内容。要求：1、本科，四年以上经验，计算机相关专业优先;2、具备良好的文档编写能力，能够编写各类产品需求文档，能撰写产品相关 PPT;3.具备良好的沟通表达能力，能清楚地勾勒、描绘用户需求，并清晰、准确有效的传达给用户或技术人员;4.能熟练使用原型制作工具如Axure、墨刀等，能够快速产出低保真产品原型;5、有过智慧园区、智能制造、工业互联网等项目经验优先;,"有效,商务,四年,互联网,能,洞察,.,地,、,上级,及,部署,工作,方向,负责,迭代,准确,智能,测试,工具,：,根据,与,编写,低保真,演进,具备,。,计算机相关,生产,解决方案,技术人员,按照,计划,智慧,原型,以上,熟练,规划,，,或,管理,本科,PPT,经验, ,进行,版本,产出,5,项目,收集,沟通,良好,配合,研发,的,使用,其他,Axure,用户,产品,支撑,并,售前,验收,描绘,发展,界面,协助,签单,对接,撰写,园区,合同,要求,和,能够,潜在,完成,实施,给,优先,有过,行业,6,2,内容,销售,勾勒,如,专业,交付,设计,制作,清楚,4,全,传达,制定,对,等,3,客户,安排,墨刀,需求,清晰,表达能力,工业,1,能力,各类,生命周期,相关,;,说明书,岗位职责,文档,制造,快速",。要求：1、本科，四年以上经验，计算机相关专业,,相关专业,计算机,计算机类
https://jobs.51job.com/kunshan/143976086.html,岗位职责：1、负责公司的精密仪器、精密设备的测试和调试；2、制定合理的测试调试计划，按时完成测试任务；3、掌握产线测试流程，提交测试任务，问题排查与解决；4、辅助研发工程师对测试故障进行原因分析和修改措施制订；5、收集、记录并分析相关测试数据，撰写系统性的测试报告；6、相关部门的技术支持、沟通协调工作；7、公司安排的其它工作。岗位要求：1、本科及以上学历，自动化、电子电力电气、测控技术、计算机科学等相关专业；2、3年以上仪器调试工作经验；3、吃苦耐劳，具有高度的工作责任心；4、具备良好的沟通与团队协助能力；5、能适应省内外出差。,"任务,产线,能,年,电气,技术,电子,系统性,部门,、,及,按时,工作,负责,辅助,修改,以上学历,测试,工程师,：,仪器,省内外,与,措施,原因,协调,具备,。,自动化,制订,调试,计划,以上,排查,；,责任心,，,本科,经验,问题,进行,其它,5,精密,出差,高度,收集,沟通,良好,研发,的,电力,并,7,计算机科学,协助,撰写,测控,要求,和,测试数据,完成,6,2,技术支持,记录,专业,岗位,提交,4,设备,制定,测试报告,对,团队,等,故障,合理,3,安排,公司,分析,流程,1,能力,掌握,相关,适应,解决,吃苦耐劳,岗位职责,具有,精密仪器",岗位要求：1、本科及以上学历，自动化、电子电力电气、测控技术、计算机科学等相关专业,岗位要求,相关专业,计算机，电气,计算机类，电气类
https://jobs.51job.com/kunshan/116087088.html,岗位职责：1、负责企业MES平台的项目导入的现场工作；2、进行MES平台的具体项目的统筹规划和管理、识别风险；3、进行项目需求调研、范围界定、制定实施方案及业务流程测试；4、进行产品培训并指导用户方使用和后续应用系统；5、对部门经理负责、对项目交付负责。任职要求： 1、专科（含）以上学历，企业管理、或计算机相关专业；2、具备良好的团队协作精神、敬业精神，责任心强、工作积极主动；3、具备良好的沟通能力、表达能力、亲和力，并能在一定压力下工作；4、有较好的项目管理能力及文档撰写能力；5、能承受高强度工作压力，能适应各地长期出差；6、有ERP的生产管理模块、或者MES系统经验的优先。,"风险,）,能,、,及,工作,协作,负责,现场,界定,以上学历,测试,：,较,具备,。,计算机相关,生产,部门经理,强,有,；,责任心,，,或,管理,经验, ,进行,高强度,任职,5,出差,项目,指导,范围,培训,含,沟通,良好,方,的,使用,压力,用户,产品,或者,好,并,导入,具体,一定,平台,积极主动,撰写,调研,要求,应用,和,优先,6,MES,2,ERP,专科,专业,模块,交付,敬业精神,4,下,在,系统,制定,业务流程,对,团队,项目管理,精神,3,统筹规划,亲和力,企业,各地,后续,需求,（,表达能力,1,能力,识别,实施方案,适应,岗位职责,文档,承受,长期",任职要求： 1、专科（含）以上学历，企业管理、或计算机相关专业,任职要求,相关专业,计算机,计算机类
https://jobs.51job.com/kunshan/150562055.html,"电气师：薪资待遇：603元-680元/天，?各岗位根据工作表现及技能的熟练程度每年多次调薪，岗位职级晋升、内部职位竞聘。2、福利：入职购买六险一金，节假日另有福利，上28或42天休28或14，每年的上班时间大概在230天左右，休班直接回家，公司报销来回路费，工作家庭两不误。3、年终福利：优质服务奖约160元/天，2023年长到230元/天（根据当年出海天数进行核算，具体以下发文件为准），4、享高温补贴600元/月发六个月。5、海上平台所有岗位均包吃住，八菜一汤自选不限量，水果、饮料不限量，住宿两人一间房，有空调，有专人打扫卫生及整理内务，工衣工鞋全部免费，并且不用自己洗衣服，有专门的洗衣人员，平台上有健身房、阅览室、电影院、无线网络、卫星电话等全部免费开放；进行每天电气设备及仪表的巡回检查工作。对现场电气仪器、设备维修保养，确保其正常使用，对维持和改善其总体性能水平负责；1、负责井场所有的电气设备和仪表的管理，严格执行PMS计划，按照电气设备操作规程和保养制度进行维护保养及检查修理，保证设备的正常运转和各仪表的灵敏好用；当电气设备出现故障，及时组织维修，对于现场自身解决不了的问题，按照相关规定，及时提出外委申请；2、负责制定电气设备和仪表的检修计划和材料订购计划，并对该两项费用控制负责；3、负责电气设备和仪表装置以及电气特种劳保的定期检验计划，由项目部设备管理审核后，并组织施工；4、负责电气设备方面不符合规定的事故和险情报告，原因分析及处理，制定并实施纠正预防措施；5、掌握电气设备配件和常耗料库存的情况，严格按照高、低储备情况及采办周期，拟定物料订单,对申请物料进行跟踪。电气设备到达现场后同材料师一起验收；6、做好可燃气体及硫化氢等危化品的使用和管理工作，使用时严格执行相关规定，并做好相关记录；7、定期对井场电气设备进行系统检查，对查出的隐患要及时整改排除，并做好相关整改方案的申报和整改记录工作；8、做好本部门人员的培训工作，主要包括但不限于以下内容：日常巡回检查内容，设备工作原理，设备操作规程，维修工艺要求，工作表格填写规范以及电气部门的相关管理规定；任职要求：1.45岁以下，大专以上学历，2.具备3年以上电气设备维修或者维护工作经历，具有相关专业学历或相关工作经历背景，品行优良，踏实肯干，身体素质好，能够适应海上工作状态。","时,）,费用,元,劳保,专门,原理,限量,.,鞋,每年,阅览室,年,电气,600,该,跟踪,做好,160,对于,制度,工艺,待遇,自选,仪表,拟定,房,部门,电气设备,直接,正常,、,竞聘,当,后,各,周期,包括,六险,及,工作,洗衣服,负责,检修,现场,控制,为准,状态,申报,可燃,耗料,维修,填写,以上学历,福利,自己,：,根据,包吃,仪器,多次,来回,好用,电影院,原因,订单,每天,。,具备,由,方面,饮料,优质,有,按照,规定,计划,职级,以上,；,预防措施,大概,，,上班时间,薪资,或,回家,管理,提出,天数,问题,熟练程度,审核,进行,六个月,情况,师,核算,任职,5,低,,,整理,约,一间,定期,外委,隐患,一汤,学历,订购,出海,住,住宿,符合规定,当年,严格执行,运转,空调,培训,左右,经历,查出,主要,限于,调薪,管理工作,的,巡回检查,晋升,路费,两不误,后同,危化品,所有,本,服务奖,打扫卫生,使用,天休,享,免费,维持,总体,8,1.45,节假日,方案,或者,材料,规范,改善,一金,全部,并,配件,具体,常,背景,好,气体,确保,验收,家庭,7,另有,出现,水果,组织,衣工,保证,储备,要,42,-,平台,以及,库存,定期检验,险情,职位,无线网络,其,维护,日常,人员,要求,均,和,能够,一起,不,卫星电话,开放,两人,高,实施,性能,严格,身体素质,6,2,上,排除,内容,休班,报告,硫化氢,补贴,工,记录,八菜,专业,岗位,维修保养,事故,230,4,设备,内务,并且,整改,在,项目部,海上,到达,系统,制定,购买,检查,纠正,井场,施工,岁,不用,对,等,操作规程,故障,?,下发文件,修理,两项,以,3,14,健身房,天,内部,2023,公司,专人,解决不了,入职,物料,申请,处理,到,/,（,以下,采办,自身,技能,年终,灵敏,分析,高温,月,洗衣,年长,装置,1,及时,特种,但,680,水平,保养,掌握,相关,以下内容,表格,品行优良,踏实,适应,603,具有,报销,大专,肯干,发,表现,PMS,28",任职要求：1.45岁以下，大专以上学历，2.具备3年以上电气设备维修或者维护工作经历，具有相关专业,任职要求,相关专业,电气,电气类
https://jobs.51job.com/kunshan/155353276.html,工作内容 ：1、根据公司的战略规划，制定总体销售战略、销售计划及量化销售目标。2、参与市场调查和市场情况分析，制定销售额、市场覆盖率、市场占有率等各项评价指标。3、管理日常销售业务工作，审阅市场销售业务报表，控制销售活动。4、与客户建立良好的关系，协调销售关系，定期或不定期拜访重点客户。5、积极配合公司做好销售业务工作，协调处理各类市场问题。6、做好领导分配的相关事宜。应聘要求1. 贸易/生物及相关专业，大专及以上学历；2. 具三年以上相关工作经验；3. 熟悉生命科学领域市场及相关产品4. 熟悉内外贸操作流程；5. 熟悉相关市场及产品，熟悉销售渠道及动态6. 具备良好的沟通、协调应变能力，7. 工作有条理，富有协作精神；敏锐的市场观察力，分析力，判断力8. 具有较强的进取心，开拓意识9. 具备独立开拓市场，发展销售渠道的能力10. 具备市场营销，营销管理，销售流程与技巧等方面的知识及技能11. 良好的英文基础.,"内外贸,.,技巧,做好,生物,生命科学,、,关系,进取心,及,工作,目标,富有,评价,协作,控制,三年,动态,以上学历,积极,：,根据,与,协调,具备,。,参与,市场营销,方面,9,计划,以上,；,活动,，,具,或,管理,经验,问题, ,分配,观察力,指标,情况,重点,意识,5,敏锐,11,定期,量化,各项,独立,战略,审阅,操作,沟通,渠道,良好,配合,的,知识,总体,判断力,营销,市场,建立,8,产品,10,拜访,开拓,应变能力,领导,7,发展,市场占有率,应聘,较强,日常,要求,和,熟悉,战略规划,6,2,不定期,内容,销售,专业,4,基础,制定,领域,等,精神,有条理,3,客户,公司,开拓市场,英文,处理,/,贸易,力,技能,分析,事宜,报表,流程,1,能力,各类,相关,销售额,具有,大专,调查,销售业务,覆盖率",。应聘要求1. 贸易/生物及相关专业，大专及以上学历,,以上学历,生物,生物科学类
https://jobs.51job.com/kunshan/148559059.html,岗位职责（1）负责利用DNA合成设备的日常管理及维护工作；（2）负责DNA合成工艺与流程的优化和实施；（3）按时且高标准完成各类引物产品的合成工作；（4）参与新产品的开发设计工作；（5）完成项目主管安排的其他任务。任职资格（1）最低学历：硕士；（2）专业要求：化学、药学、生物学、医学、检验医学等相关专业背景；（3）身体健康，可直接到岗;（4）具有分子生物学、有机合成、基因组学等相关专业背景，具有相关工作经验者优先；（5）具备良好的中英文听说读写能力，优秀的表达能力，较强的观察力以及解决突发问题的应变能力；（6）工作积极主动，认真负责，具备较强的责任心和团队协作精神。,"）,任务,最低,可,DNA,优秀,工艺,新,直接,中英文,、,及,工作,按时,协作,负责,认真负责,：,听说读写,与,具备,。,药学,参与,；,医学,责任心,检验,高标准,，,管理,资格,分子生物学,岗,经验,基因组学,问题,观察力,优化,任职,5,主管,项目,化学,学历,身体健康,良好,的,其他,产品,应变能力,背景,硕士,以及,利用,者,较强,积极主动,日常,要求,和,实施,完成,合成,优先,6,2,专业,设计,4,设备,开发,团队,等,精神,3,安排,有机合成,到,（,表达能力,流程,生物学,1,能力,突发,且,各类,相关,解决,引物,;,岗位职责,具有,维护",；（2）专业要求：化学、药学、生物学、医学、检验医学等相关专业背景；（3）身体健康，可直接到岗;（4）具有分子生物学、有机合成、基因组学等相关专业,,相关专业,药学，生物,药学类，生物科学类
https://jobs.51job.com/kunshan/152030706.html,主要职责：- 负责银行账户的日记账、月报表和年报表等财务记录工作；- 负责银行账户的收发、记录和核对工作，确保资金安全；- 负责银行账户的清点工作，准确无误地录入账户余额；- 负责银行账户的凭证和报表的归档工作；- 负责银行账户的维护和修改工作，确保账户信息的准确性、完整性和及时性。职位要求：- 大专及以上学历，财务、会计、经济学等相关专业优先；- 1-2年银行出纳工作经验，熟悉银行账户的收发、记账、核对和清点等工作流程；- 熟悉银行账户的法律法规和行业监管要求，具有较强的合规意识；- 具备较强的责任心、团队协作能力和沟通能力，能够胜任工作中的压力。初级会计证优先，双休,"具备,。,财务,及时性,会计,录入,归档,准确性,团队,确保,等,信息,中,；,日记账,胜任,责任心,会计证,年,，,记账,-,经济学,经验,较强, ,地,核对,余额,职位,维护,、,法律法规,意识,要求,收发,和,熟悉,双休,能够,及,工作,报表,完整性,出纳,初级,月,流程,准确无误,负责,1,协作,能力,清点,优先,安全,账户,修改,行业,2,监管,合规,以上学历,相关,沟通,资金,记录,专业,主要职责,的,具有,：,大专,压力,银行,凭证",。职位要求：- 大专及以上学历，财务、会计、经济学等相关专业,,相关专业,财务,工商管理类
https://jobs.51job.com/kunshan/138792999.html,岗位职责：1、负责对施工项目实施全过程、全面管理；2、全面完成施工工程的安全、质量、工期、成本文明施工管理目标；3、负责对施工项目的人力、材料、机械设备、资金、技术、信息等生产要素进行优化配置和动态管理；4、强化现场安全文明施工，质量进度管理，及时发现和妥善处理突发性事件；5、加强与有关部门、建设单位、监理单位、设计单位及友邻的联系、协调和处理其相互的关系及各项工作；6、对完成的工程任务进行评估，总结经验，制订改善措施计划，并布置需要完成的任务，做好交底；7、协助公司完成项目的检查鉴定工作；8、组织参与项目商务、经营、预结算工作，严格控制成本。任职要求：1、本科及以上学历，电气类，自动化类，电子类等相关专业；2、能够接受出差，具有一定的抗压能力，良好的沟通能力，成绩优异者考虑。,"单位,商务,任务,有关,事件,类,机械设备,抗压,技术,电气,做好,电子,联系,部门,监理,妥善处理,、,文明,关系,结算,及,全面完成,目标,工作,突发性,负责,现场,配置,动态,以上学历,布置,：,与,措施,协调,。,自动化,制订,生产,参与,质量,计划,及时发现,；,成绩,优异者,鉴定,，,管理,本科,优化,进行,交底,任职,5,出差,友邻,成本,项目,工期,各项,安全,建设,沟通,良好,资金,接受,的,预,相互,8,考虑,材料,改善,并,进度,7,一定,组织,加强,全面,协助,工程,其,要求,和,严格控制,能够,实施,完成,6,2,总结经验,评估,专业,设计,经营,4,检查,要素,施工,对,信息,等,3,公司,人力,需要,处理,强化,全过程,1,能力,相关,岗位职责,具有",任职要求：1、本科及以上学历，电气类，自动化类，电子类等相关专业,任职要求,相关专业,电气,电气类
https://jobs.51job.com/kunshan/154494286.html,工作职责：1、深刻理解垂直领域业务及本公司提供的相关服务和产品；了解客户需求，收集市场信息；2、负责相关行业解决方案的收集、归纳修改及模板设计工作，优化技术方案；3、完成需求调研和分析工作，完成解决方案，并撰写系统设计方案；4、负责相关产品推广，以及行业解决方案的整合，为市场拓展提供所需的解决方案和配套材料。任职资格：教育背景：计算机、通信、自动化、机械电子工程及管理等相关专业，大学本科及以上学历；知识技能：熟悉金融行业基本情况，了解金融行业的主流解决方案，具有项目解决方案编制经验；了解相关产业的产业链情况、合作伙伴情况；能够结合客户需求形成有针对性解决方案，并负责现场实施；具备良好的方案与文档编写能力，以及方案讲解技巧；熟悉垂直领域的产品及解决方案体系；工作经验：8年以上工作经验；能力素质：具备良好的人际沟通能力和团队合作精神；市场觉察敏锐度高，分析、解决问题能力强；具备较强的客户服务意识；对创新工作充满热情，能适应短时出差。,"能,拓展,短时,技巧,年,技术,设计方案,充满热情,电子,编制,整合,、,及,工作,讲解,负责,现场,修改,以上学历,创新,为,及本,机械,：,与,编写,合作,具备,。,自动化,解决方案,强,有,大学本科,以上,；,所,，,基本,管理,解决问题,资格,经验,服务,人际沟通,优化,情况,意识,归纳,配套,任职,出差,敏锐度,形成,项目,提供,收集,良好,的,知识,觉察,市场,8,产品,方案,材料,并,背景,产业,以及,垂直,体系,较强,撰写,了解,工程,调研,和,熟悉,能够,素质,教育,高,完成,针对性,推广,实施,行业,2,合作伙伴,专业,模板,设计,4,需,系统,领域,团队,信息,等,对,精神,通信,3,产业链,客户,公司,深刻理解,需求,结合,技能,分析,客户服务,1,能力,相关,主流,适应,计算机,文档,职责,具有,业务,金融",。任职资格：教育背景：计算机、通信、自动化、机械电子工程及管理等相关专业，大学本科及以上学历,,以上学历,计算机,计算机类
https://jobs.51job.com/kunshan/154212832.html,岗位职责：1、在项目部领导的直接领导下开展工作，贯彻安全第一、预防为主的方针，按规定搞好安全防范措施，把安全工作落到实处，做到讲效益必须讲安全，抓生产首先必须抓安全；2、认真熟悉施工图纸，调查工程概略，绘制现场平面布置图，搞好现场布局，对设计要求、质量要求、详细作法要有清楚的调查，组织班组仔细按图施工；3、熟习建立工程构造特征与关键部位，控制施工现场的四周环境、社会（含拆迁等）和经济技术条件；担任本工程的定位、放线、抄平、沉降观测记载等，合理安排、科学引导、顺利完成本工程的各项施工任务；4、协同项目部领导，保证施工顺利进行，维护企业的信誉和经济利益，并协助施工监理、与施工班组一同核实工程量、进步工程量精确性；5、编制文明工地实施方案，根据本工程施工现场合理规划布局现场平面图，安排、实施、创建文明工地；6、参加工程施工项目标施工现场勘探、测量、施工组织和现场交通平安防护设置等详细任务，组织班组起劲完成暂时设备修筑等工程义务，对施工中有关问题实时处理，向上申报并保证施工进度；7、合理调配生产要素，严密组织施工确保工程进度和质量，督促检查项目部施工现场的各有关情况；8、向各班组下达施工任务书及材料限额领料单；督促施工材料、设备按时进场，并处于合格状态，确保工程顺利进行；9、参加图纸会审和工程进度计划的编制；10、上报施工进度、质量，处理现场问题，进行施工监督和隐蔽工程的验收工作；11、参加班组技术交底、工程质量、平安生产交底、操作办法交底。严守施工操作规程，严抓质量，确保平安，担任对新工人上岗前培训，教育催促工人不违章功课；12、负责组织项目部进行施工现场内的搬运、储存、包装、防护、成品保护及交付前后的养护工作；13、收集、管理有关安全、文明施工和定置管理的有关资料；14、对施工现场的安全、文明及定置管理进行日常检查，并协助项目部做好各项工作；完成领导临时交办的工作。任职要求：1、大专及以上学历（土木工程、工程管理、园林、建筑、工民建等相关专业）；2、三年或以上园建工作经验；3、有相关证书优先考虑；4、接受公司统一安排，适应短期出差。注：此岗位工作地点需跟随项目，主要在惠州、佛山、东莞、中山和深圳，不能接受者***,"调配,做到,交办,）,任务,合格,有关,上报,料单,技术,办法,做好,贯彻,利益,必须,编制,班组,作法,新,顺利进行,*,功课,信誉,监理,催促,储存,直接,搞好,、,文明,上岗,各,注,及,工作,目标,按时,创建,交通,工人,现场,控制,详细,工程质量,首先,负责,状态,引导,申报,三年,下达,经济,科学,施工监督,前,预防为主,测量,暂时,以上学历,：,根据,认真,与,临时,内,园建,讲,条件,。,生产,质量,有,9,防护,方针,计划,13,中,土木工程,统一安排,以上,；,包装,资料,规划,证书,，,协同,参加,项,任务书,管理,或,经验,定置,中山,问题,进行,交底,情况,讲效益,图,任职,5,11,领,出差,平安,项目,各项,关键部位,安全,限额,培训,含,违章,操作,收集,概略,仔细,接受,起劲,主要,东莞,的,本,进步,建立,8,抄平,接受者,10,考虑,特征,材料,修筑,按图,合理安排,四周,并,领导,严密,确保,验收,养护,设置,严抓,构造,7,组织,要,保证,督促检查,不能,顺利完成,前后,义务,协助,拆迁,工程施工,环境,搬运,工程,日常,要求,和,熟悉,教育,不,工程量,保护,实施,完成,跟随,优先,6,按规定,2,精确性,工地,实时处理,佛山,社会,工民建,12,专业,把,沉降,园林,抓,岗位,交付,设计,绘制,清楚,观测,4,设备,下,在,项目部,平面布置,施工进度,需,向,此,检查,落到实处,施工,要素,工程进度,对,图纸,熟习,等,操作规程,深圳,开展,3,核实,合理,14,记载,安排,防范措施,放线,处于,建筑,公司,企业,担任,惠州,处理,（,隐蔽,向上,进场,1,平面图,成品,布局,实施方案,督促,短期,施工现场,勘探,相关,适应,地点,岗位职责,第一,一同,大专,调查,定位,会审,维护,严守",任职要求：1、大专及以上学历（土木工程、工程管理、园林、建筑、工民建等相关专业,任职要求,相关专业,建筑,建筑类
https://jobs.51job.com/kunshan/150712457.html,职位描述：1、负责区域内老客户的维护、新客户的开发；2、负责区域内产品的宣传及推广销售；3、完成区域内生物试剂产品的销售任务；4、负责区域内的销售货款回收任务。任职要求：1、生物或相关专业大专以上学历；2、市场开拓能力，良好的沟通能力；3、热爱销售工作，责任心强，有较强的客户服务意识及团队合作精神。福利待遇：1、薪资范围：8000-15000元/月2、按国家规定缴纳五险一金；3、薪资构成：奖金+提成（提成方式：按回款提成）；4、奖金补贴：高温补贴+年终奖+绩效奖金,"）,试剂,任务,元,回款,生物,新,宣传,描述,回收,、,及,工作,奖金,负责,以上学历,国家,：,较,8000,合作,内,。,福利待遇,强,有,规定,；,责任心,，,或,薪资,意识,任职,范围,沟通,良好,的,热爱,五险,市场,产品,开拓,一金,+,货款,-,职位,要求,15000,完成,推广,绩效奖金,2,构成,销售,补贴,专业,区域,4,开发,老客户,年终奖,团队,精神,3,缴纳,客户,提成,/,（,高温,月,客户服务,1,能力,方式,相关,大专,按,维护",任职要求：1、生物或相关专业大专以上学历,任职要求,以上学历,生物,生物科学类
https://jobs.51job.com/kunshan/154381600.html,岗位职责：1、负责领导智慧低碳能源或工业领域的科研项目，交付具有可度量、实用性强、有影响力的科研成果。2、创新性使用AI工具，独立开展人工智能领域的AI算法和工具研究及应用。3、负责智慧低碳能源或工业领域的文献综述、信息收集、分析国内外发展现状。4、独立开展智慧低碳能源或工业领域的AI算法研究和科学实验，准确记录实验过程和结果。5、根据文献综述或实验结果，撰写相关的白皮书和科研论文。6、与政府、企业科研管理部门对接，获取科研项目资金支持，并组织项目实施。7、完成单位要求的其它工作任务。任职要求：1.硕士及以上学历；数学、人工智能、统计学或计算机AI算法相关专业背景优先考虑；2.具备独立开展人工智能算法科研实验的能力，包括准备实验数据、算法调优等；3.熟悉机器学习、深度强化学习和大模型等相关AI算法知识体系，具备独立的认知观点和见解；4.熟练掌握Python等常用编程语言，能熟练编写相关软件；5.思维敏捷、条理清晰、工作严谨、认真负责、性格开朗乐观；6.为人正直、有良好的执行力、职业操守、沟通表达能力；7.具备优秀的科研热情，具备较好的软件使用能力；8.身体健康。,"单位,综述,观点,统计学,任务,能,可,.,大,条理清晰,结果,优秀,部门,编程语言,见解,、,文献,常用,数据,包括,及,国内外,工作,职业,负责,准确,操守,过程,热情,以上学历,工具,认真负责,：,根据,较,与,编写,思维,具备,。,人工智能,软件,白皮书,科研,准备,强,有,智慧,；,熟练,，,或,创新性,管理,乐观,敏捷,政府,其它,5,任职,项目,深度,独立,身体健康,收集,度量,良好,资金,沟通,算法,的,知识,执行力,使用,调,8,考虑,好,并,背景,领导,为人正直,硕士,7,性格开朗,AI,发展,低碳,研究,组织,严谨,体系,对接,认知,撰写,影响力,要求,应用,和,熟悉,能源,实施,完成,优先,6,2,实验,熟练掌握,模型,记录,专业,交付,4,学习,论文,领域,实用性,信息,等,开展,3,现状,Python,企业,工业,科学实验,科研成果,强化,分析,数学,表达能力,支持,1,能力,获取,相关,优等,计算机,科研项目,岗位职责,具有,机器",任职要求：1.硕士及以上学历；数学、人工智能、统计学或计算机AI算法相关专业,任职要求,相关专业,计算机,计算机类
https://jobs.51job.com/kunshan/149881439.html,岗位职责：1.负责工业激光模组产品开发管理，包含整个产品生命周期管理：制定项目计划、产品的进度管理、试产/量产管理、质量管理、技术管理等；2.制定公司激光类新产品和产品线规划；3.负责新产品开发过程中的产品设计（结构、外观、电子、功能等）和制造各工艺环节（机加工、电子等）问题的解决；4.负责选择和协调产品技术方案供应商，确保产品开发和生产过程中的技术问题方案提出和改进；5.负责新产品的各种认证、检测，把握产品质量及时解决并优化质量部门和生产部门提出的各种问题；任职资格：1.本科及以上学历，机械设计、电子、计算机、自动化、光学类等相关专业，有设计开发经验者优先；2.具备10年以上电子产品或光学产品行业相关工作经验，设计开发或产品管理经验；3.有工业激光，激光雷达、激光测绘产品、激光类产品经验者优先；4.具备较强的产品规划、产品和项目管理等能力，有独立思考和产品分析能力；5.有较强的解决问题的能力，有较强的责任心和良好的沟通协调能力；,"供应商,）,.,类,年,技术,电子,类产品,各种,工艺,新,部门,、,各,及,工作,负责,产品线,激光雷达,过程,检测,认证,以上学历,：,较,协调,具备,自动化,生产,质量,强,有,计划,中,以上,；,责任心,规划,，,或,管理,本科,解决问题,资格,提出,经验,问题,优化,产品开发,任职,5,项目,沟通,良好,的,产品,方案,10,独立思考,量产,并,确保,进度,把握,较强,者,和,机加工,电子产品,选择,优先,行业,2,激光,专业,设计,4,开发,制定,包含,产品质量,项目管理,等,环节,测绘,模组,3,试产,公司,类新,功能,/,（,工业,机械设计,分析,产品设计,1,及时,能力,生命周期,相关,解决,光学,计算机,岗位职责,制造,整个,结构,外观,改进",；任职资格：1.本科及以上学历，机械设计、电子、计算机、自动化、光学类等相关专业,,相关专业,计算机,计算机类
https://jobs.51job.com/kunshan/47880564.html,一、工作职责：1、根据设计要求，负责本工程项目的施工管理、工程技术质量、施工进度、安全等工作；2、有较强组织协调能力、执行力和沟通能力，有责任心，有良好的的团队合作精神；3、项目开车、调试、验收及搜集项目资料；4、年收入不低于10万。二、任职条件：1、化工类或过程装备与控制工程相关专业，大专及以上学历；2、从事过化工生产及管理工作优先；3、能适应长期出差（一年累计出差时间差不多200多天），能独立开展工作；4、接受化工类或过程装备与控制工程专业的应届毕业生。,"开车,200,工程技术,）,能,、,万,及,工作,差不多,负责,过程,从事,以上学历,：,根据,较,与,二,合作,条件,。,生产,调试,质量,强,有,多天,控制工程,；,责任心,资料,，,或,管理,累计,任职,出差,项目,安全,工程项目,独立,沟通,良好,接受,管理工作,的,本,执行力,装备,10,时间,低于,验收,一,要求,过,化工,和,搜集,不,优先,组织协调,2,专业,设计,4,施工进度,毕业生,应届,施工,团队,等,开展,精神,3,（,一年,年收入,1,能力,化工类,相关,适应,长期,职责,大专",。二、任职条件：1、化工类或过程装备与控制工程相关专业，大专及以上学历,,以上学历,控制工程,自动化类
https://jobs.51job.com/kunshan/154615412.html,岗位职责：1、负责做好项目生产计划，达成公司生产任务和成本控制的目标；2、负责项目现场的设备的维护和保养，做好生产过程记录，确保生产的正常运转；3、负责项目人员的带教和培养，不断提高人员技能；4、落实项目安全生产工作，确保安全生产和现场6S管理，防范和杜绝事故的发生；5、能够独立思考，善于发现问题和分析问题，能够采取有效措施，协调和处理生产过程的问题，确保项目的正常运转；6、协助对接客户/业主，维护良好的客户关系，提高客户满意度；7、完成领导分配的其他任务；任职要求：1、大专或以上学历，环境/化工/生物/材料/机械等相关专业，熟悉水处理工艺，有2年以上污水处理项目运维/管理经验优先考虑；2、为人正直诚信，吃苦耐劳，抗压能力强；3、学习能力强，动手能力强，具备较好的沟通协调能力；,"杜绝,善于,任务,年,抗压,做好,生物,正常,、,工作,目标,负责,控制,现场,过程,带教,以上学历,机械,培养,：,较,诚信,措施,协调,具备,生产,强,有,计划,以上,；,，,污水处理,或,管理,经验,问题,分配,水,任职,5,成本,项目,安全,运转,处理工艺,沟通,良好,满意度,客户关系,的,其他,考虑,独立思考,材料,好,发生,领导,为人正直,确保,7,协助,对接,环境,落实,动手,人员,要求,化工,和,熟悉,能够,不断,完成,防范,优先,6,2,记录,专业,事故,4,设备,学习,等,3,客户,公司,发现,业主,处理,6S,/,技能,分析,确保安全,采取有效,1,能力,提高,保养,相关,吃苦耐劳,岗位职责,运维,大专,达成,维护",任职要求：1、大专或以上学历，环境/化工/生物/材料/机械等相关专业,任职要求,相关专业,生物,生物科学类
https://jobs.51job.com/kunshan/153990439.html,岗位职责：1.依据产品开发计划实施嵌入式软件设计工作；2.按计划完成产品软件测试工作，协助产品改进；3.相应技术文档编写和知识产权申请；应聘条件：1、本科及以上学历，有工作经验者优先；2、电子信息、通信工程、自动化控制、电子科学与技术、微电子等相关专业；3、熟悉STM32等ARM单片机的体系结构及嵌入式系统软件开发工具，精通单片机汇编，C/C++语言，有扎实的数据结构功底；4、熟悉Linux操作系统应用软件开发，有底层驱动编程经验优先；5、 具有良好的团队合作精神和沟通能力，责任性强；6、具有独立分析问题、解决问题能力，动手能力强,"Linux,.,技术,电子,C,、,汇编,及,工作,底层,控制,科学,以上学历,：,与,编写,合作,条件,自动化,强,有,计划,；,，,本科,解决问题,按计划,经验,问题, ,产品开发,5,电子信息,功底,通信工程,独立,沟通,良好,责任,语言,的,知识产权,产品,精通,C++,嵌入式,系统软件,STM32,协助,依据,应聘,者,软件测试,动手,和,熟悉,嵌入式软件,性强,实施,完成,优先,编程,6,2,扎实,ARM,专业,设计,相应,4,开发,数据结构,团队,等,体系结构,精神,3,开发工具,申请,/,操作系统,驱动,分析,微电子,应用软件,1,能力,单片机,相关,岗位职责,文档,具有,改进",；应聘条件：1、本科及以上学历，有工作经验者优先；2、电子信息、通信工程、自动化控制、电子科学与技术、微电子等相关专业,,相关专业,通信工程,电子信息类
https://jobs.51job.com/kunshan/136481319.html,收藏职位信息岗位职责：1、负责实验室仪器仪表的电路板设计开发 、单片机编程；2、负责产品性能验证、技术改进任职要求： 1、 计算机、电子、通信、自动化等相关专业，本科以上学历，且需要2年以上单片机独立开发经验； 2、 掌握C或C++等设计语言，掌握单片机开发调试工具； 3、 掌握模拟电路、数字电路、单片机或ARM体系结构的相关知识，熟悉ARM或Microchip单片机者优先； 4、 至少掌握一种原理图及PCB layout工具； 5、 能够独立的完成硬件电路的焊接，软件的设计、开发与调试； 6、 良好的文档编写能力，可以熟练阅读英文技术文档及元器件Datasheet；,"年,技术,电子,C,验证,、,及,负责,数字电路,焊接,以上学历,layout,阅读,工具,：,与,编写,至少,收藏,自动化,软件,调试,实验室,以上,；,可以,熟练,，,或,本科,经验, ,电路,任职,5,元器件,独立,良好,语言,的,知识,产品,C++,模拟,一种,者,职位,电路板,要求,熟悉,能够,Microchip,完成,性能,优先,编程,6,2,ARM,原理图,专业,设计,4,开发,PCB,信息,等,体系结构,通信,Datasheet,3,需要,英文,仪器仪表,1,能力,且,掌握,单片机,相关,计算机,岗位职责,文档,硬件,改进",任职要求： 1、 计算机、电子、通信、自动化等相关专业，本科以上学历,任职要求,以上学历,计算机,计算机类
https://jobs.51job.com/kunshan/127392754.html,"1、熟悉C#、JavaScrip、jQuery、ASP.NET,有B/S结构系统开发经验;2、具有较好的业务理解能力和技术调查能力；3、编写代码并具有代码审查能力4、具有系统详细设计能力5、熟悉MSSQLServer数据库建表、编写存储过程、编写视图、触发器等任职要求：1、具备大专以上学历，计算机相关专业2、负责指导协调程序员的工作；3、负责接受上级交给的工作任务，按时保质、保量的完成项目开发任务并对项目最终结果负责；4、负责参与项目需求分析，研究项目技术细节，进行系统框架和核心模块的详细设计及规划；5、根据项目开发进度和任务分配情况，完成项目的界面设计及编程工作，配合测试人员进行软件测试工作；6、负责及时指导、处理、协调安装及服务过程中出现的技术、质量问题；7、负责项目产品的更新、升级、维护工作；8、负责及时上报该项目的各种技术资料的整理工作；9、负责项目的技术开发保密安全工作；","存储,任务,上报,.,技术,界面设计,结果,各种,S,、,审查,上级,框架,核心,及,工作,按时,负责,详细,过程,代码,以上学历,：,根据,较,编写,JavaScrip,具备,协调,计算机相关,参与,质量,有,9,中,；,资料,技术细节,规划,，,经验,服务,问题,进行,情况,目的,理解能力,任职,,,5,整理,项目,升级,指导,安全,接受,配合,开发进度,的,8,产品,好,并,7,出现,研究,视图,保量,软件测试,要求,和,熟悉,完成,编程,6,2,数据库,专业,模块,最终,设计,技术开发,任务分配,4,MSSQLServer,C#,程序员,系统,开发,测试人员,ASP,对,等,触发器,建表,保密,3,保质,NET,处理,需求,/,jQuery,B,分析,该项,更新,交给,1,能力,及时,;,安装,具有,业务,调查,结构,大专,维护",任职要求：1、具备大专以上学历，计算机相关专业,任职要求,相关专业,计算机,计算机类
https://jobs.51job.com/kunshan/150946136.html,"主要工作职责：1、完成公司安排的月度、季度及年度销售目标、营销费用控制目标及运营利润目标；2、产品文案、产品图片、视频及其它创意多媒体宣传素材的组织构思、营销策划及落地执行；3、店铺及产品页面的内容维护、修改更新、内容调整及页面优化等日常维护工作；4、执行市场需求及产品销售预测，即时调整库存数量及制定备货计划；5、执行站内及站外广告投放，促销活动提报等各项引流工作，提高产品的曝光率及转化率；6、执行E-Mail, 社交媒体宣传，网络红人测评、搜索引擎推广等站外网络营销推广；7、销售报表的制作，汇总及分析，即时调整销售策略及计划；8、客户售前询盘回复及客户售后需求的维护跟进及解决处理，确保优质的客户购物体验及确保店铺安全；9、收集、整理及分析行业信息及竞争同行状况，提出合理化改进方案并落地执行；10、深入研究国内BtoB平台政策，密切关注平台变化，即时制定有效的销售策略，并落地执行；11、完成主管领导安排的其它工作；一般任职资格及要求： 教育水平：电子商务、市场营销或计算机应用等专科以上学历；职业经验：具备1年以上Alibaba或Global Sources等BtoB平台销售运营经验；专业技能：熟练Alibaba和Global Sources等平台的后台操作、政策制度，站内引流等销售运营流程；能灵活应用SEO, SEM, E-Mail, 社交媒体等网络营销推广工具；语言技能：大学英语CET-4及以上，阅读及写作能力优秀，听说能力良好； PC语言计算机：熟练操作Excel, Word等Office办公软件，以及PS等图形编辑软件；其他能力与素质要求：心态乐观向上，有奋斗激情，勇于挑战新项目，并能承受较大的工作压力；头脑思维敏捷，善于独立思考和总结，数据分析能力强，并拥有良好的学习能力；工作积极主动，有良好的沟通能力，具备卓越的团队合作精神及高效的执行力；为人踏实稳重，能吃苦耐劳，责任心强，具备卓越的职业操守。福利待遇：1.薪酬结构：底薪+销售提成+奖金（月综合收入6K-10K，能力优秀者10K以上，上不封顶）；2.上班时间：上午9:00-12:00，下午1:30-6:30， 8小时；***制3.保险保障：公司为员工购买社保及住房公积金（养老、医疗、工伤、生育、失业险）；4.带薪假期：法定节假日按国家规定提供带薪休假，工作满1年的员工额外享受5天带薪年假；5.节日慰问：公司在端午节、中秋节等重大节日为员工发放节日慰问品；6.办公环境：提供办公室零食、水果及茶歇，公司有冰箱微波炉员工可自行带饭；7.员工关怀：工作超过半年的员工享受1次体检待遇；8.团队文化：将不定期举行聚餐、K歌、打球、户外拓展等娱乐体育活动；9.学习提升：公司每周组织内部技能培训，同时，公司每月还有外请语言技能、美工技能、营销推广、销售管理等专家到公司培训。工作地点：宝安区新安街道72区群晖路优创空间1栋213A附近交通：地铁站：兴东地铁站 C出口，步行200米左右即到；公交站：兴东地铁站，下车即到；（途经班车：382、610、613、M560、631、M395、654、789、797、866、M206、M343、M373、M377、M378、M379、M382、B829、M376、M393 ）","有效,带薪休假,M343,宝安区,M395,半年,办公室,可,每月,.,Sources,关怀,新,*,零食,卓越,栋,较大,生育,视频,关注,866,下车,还有,街道,具备,。,软件,福利待遇,9,计划,654,慰问,；,网络红人,资格,月度,歌,敏捷,5,11,项目,数据分析,外请,公交站,慰问品,总结,营销,歇,合理化,领导,跟进,7,米左右,水果,下午,薪酬,平台,环境,BtoB,要求,心态,推广,社交,人,预测,销售,Word,797,利润,附近,将,购买,团队,拥有,素材,3,后台,额外,同行,客户,内部,兴东,提成,聚餐,Office,头脑,灵活,专家,产品图片,能力,运营,结构,专业技能,维护,）,613,费用,端午节,能,213A,宣传,文化,6K,工作,M379,交通,小时,阅读,Excel,办公,国家,群晖路,72,思维,合作,内,广告投放,优质,规定,地铁站,熟练,优秀者,责任心,控制目标,页面,一般,B829,或,法定,测评,优化,其它,整理,SEO,提供,语言,的,执行力,询盘,举行,执行,它,产品,方案,体育,写作能力,构思,库存,M373,公积金,日常,不,2,不定期,保险,631,险,出口,制作,外,图形,数量,学习,在,发放,K,体验,即到,Global,信息,媒体,精神,引流,编辑,天,安排,到,（,更新,自行,向上,奋斗,提高,医疗,30,踏实,综合,吃苦耐劳,英语,职责,多媒体,承受,假,店铺,高效,200,善于,住房,站,优秀,待遇,带薪,M378,年度,、,中秋节,及,目标,职业,610,制,同时,E,重大,竞争,市场需求,即时,网络营销,听说,市场营销,有,汇总,以上,活动,茶,，,提出,优创,任职,,,培训,操作,Mail,收集,沟通,良好,超过,C语言,确保,+,密切,搜索引擎,组织,空间,购物,提升,CET,积极主动,和,促销,完成,6,上,PS,专科,4,新安,打球,次,区,制定,产品销售,处理,需求,员工,报表,月,营销策划,1,变化,382,水平,体检,解决,M393,地点,:,娱乐,季度,每周,M382,保障,M206,改进,深入研究,状况,假期,步行,文案,拓展,及其,年,节日,制度,C,奖金,789,修改,操守,政策,以上学历,为,工具,：,电子商务,与,强,调整,带饭,勇于,Alibaba,上班时间,售后,管理,乐观,经验, ,底薪,工伤,主管,转化率,社保,各项,安全,主要,微波炉,国内,压力,其他,10K,收入,8,节假日,10,独立思考,并,售前,班车,销售策略,-,P,以及,SEM,美工,激情,应用,提报,素质,教育,行业,内容,大学,挑战,M560,稳重,12,曝光率,封顶,养老,满,冰箱,等,M376,失业,公司,上午,00,备货,落地,技能,分析,户外,途经,流程,M377,计算机,享受,创意,按,回复",；一般任职资格及要求： 教育水平：电子商务、市场营销或计算机应用等专科以上学历,,以上学历,计算机,计算机类
https://jobs.51job.com/kunshan/135002667.html,岗位要求：1、熟悉行业相关的技术标准、规范，具备较深的专业知识，能独立解决设计难题；2、能独立进行幕墙系统设计，熟悉防水、保温、隔声、防火、防雷等各种安全措施，各种系统能衔接合理，并用图纸表达出来；3、设计图纸（施工图、加工图）表达逻辑清晰，图面层次分明，合理美观；4、熟悉金属（铝板、不锈钢、铜板等）加工工艺；5、能独立完成或组织完成设计任务；6、完成上级交办的工作。7、本科学历，工程、机械设计、建筑类相关专业；8、具有较强的技术沟通能力，工作严谨，适应较强的工作压力，有敬业精神，认真负责的工作态度；9、熟练使用AutoCAD等相关专业软件。福利待遇：周末双休，五险一金，项目奖金，带薪年假，节日福利（应节礼品），生日金，公司旅游等。,"交办,）,任务,能,类,年,技术,节日,各种,工艺,带薪,AutoCAD,、,上级,工作,奖金,铝板,美观,认真负责,福利,：,较,金,图面,具备,。,软件,福利待遇,有,9,周末,；,熟练,，,或,表达,进行,图,防水,5,项目,难题,独立,沟通,的,隔声,使用,压力,态度,技术标准,五险,8,铜板,幕墙,礼品,规范,一金,7,加工,旅游,专业知识,组织,施工图,严谨,较强,工程,要求,熟悉,双休,不锈钢,完成,行业,安全措施,6,2,防雷,专业,层次分明,岗位,设计,敬业精神,4,深,系统,本科学历,图纸,等,合理,3,应节,建筑,公司,表达出来,生日,（,清晰,机械设计,逻辑,衔接,金属,1,保温,能力,并用,相关,适应,解决,防火,具有,假",岗位要求：1、熟悉行业相关的技术标准、规范，具备较深的专业知识，能独立解决设计难题；2、能独立进行幕墙系统设计，熟悉防水、保温、隔声、防火、防雷等各种安全措施，各种系统能衔接合理，并用图纸表达出来；3、设计图纸（施工图、加工图）表达逻辑清晰，图面层次分明，合理美观；4、熟悉金属（铝板、不锈钢、铜板等）加工工艺；5、能独立完成或组织完成设计任务；6、完成上级交办的工作。7、本科学历，工程、机械设计、建筑类相关专业；8、具有较强的技术沟通能力，工作严谨，适应较强的工作压力，有敬业精神，认真负责的工作态度；9、熟练使用AutoCAD等相关专业,岗位要求,相关专业,建筑,建筑类
https://jobs.51job.com/kunshan/154105435.html,岗位职责：1.协助总经理进行中药研发业务推广及寻求合作；1) 参与行业会议、展会、招投标等商务活动，努力拓展新的合作伙伴；2) 邀请客户来访考察，积极拜访意向客户；3) 协助总经理与合作方建立并保持正常稳定的客情关系，保障业务良好开展。2. 协助合作项目的报价、商务洽谈、协议签订3. 客户关系维护和开发1) 联络新客户，了解客户研发外包需求，努力促成委托研发/技术服务合同的达成；2) 联络新老客户，推荐公司在研项目，努力促成自研项目/技术的转让。任职要求：1、大专以上学历，药学、化学等相关专业；2、相关工作经验2年以上；3、喜欢从事销售工作的优先考虑。,"自研,客情,拓展,.,推荐,喜欢,年,技术,商务洽谈,新,正常,、,关系,寻求,及,工作,总经理,报价,从事,以上学历,合作项目,积极,：,邀请,研,与,转让,合作,合作方,。,药学,参与,以上,；,，,经验,服务, ,进行,展会,协议,任职,会议,项目,化学,签订,良好,考察,客户关系,研发,的,建立,考虑,拜访,保持,并,促成,来访,联络,意向,协助,了解,合同,要求,和,包,推广,优先,行业,2,中药,合作伙伴,销售,专业,),委托,努力,商务活动,外,在,开发,老客户,等,开展,3,客户,公司,需求,/,1,相关,岗位职责,业务,达成,大专,稳定,保障,招投标,维护",任职要求：1、大专以上学历，药学、化学等相关专业,任职要求,相关专业,药学,药学类
https://jobs.51job.com/kunshan/146448493.html,职位描述：1、面向互联网金融风控及用户增长业务，打造领先的数据资产托管平台，通过在线数据分析、离线数据挖掘、实时数据特征、离线数据仓库等方式管理用户数据，建设覆盖互联网金融全场景的数据智能解决方案；2、负责机器学习平台、模型推理平台，用户画像（特征）平台、知识图谱平台和分布式计算平台的构建和迭代，打造业界领先的存储、计算等分布式系统，为海量数据和大规模业务系统提供可靠的基础设施；3、负责海量用户行为数据的挖掘，在分布式计算平台基础上，进行大规模画像特征和实时行为特征建设，构建大规模特征集市；4、负责基于业务需求，以数据为驱动，研发和改进智能辅助决策平台，辅助业务场景的开展和优化；5、负责大数据基础设施和平台的改进，解决大规模生产环境集群可用性和性能优化问题。职位要求：1、本科及以上学历，计算机/数学/物理等相关专业；2、熟悉Java、Go、Scala、Python、C++等至少一门常用语言，有一定分布式计算框架或流式计算框架使用经验，对数据仓库建模有一定概念，对数据结构和算法设计有较为深刻的理解；3、熟悉SpringMVC、SpringBoot、MySQL、Redis、Kafka、Spark、Flink、Map、Reduce等框架和中间件使用经验，对框架原理源码有一定研究，有一定大规模，高并发服务经验，有一定的系统性能调优经验，有一定的大数据任务优化经验；4、对数据敏感，掌握量化分析方法，善于从数据中发现问题，提出假设并使用数据进行验证；5、有数据挖掘、机器学习、自然语言处理、知识图谱实际项目经验者优先考虑。,"可靠,敏感,Redis,存储,）,善于,任务,互联网,原理,深刻,推理,实际,大,挖掘,在线,分析方法,描述,验证,实时,、,常用,数据,框架,中间件,及,物理,SpringBoot,负责,辅助,迭代,智能,以上学历,为,Reduce,Kafka,：,数据仓库,Map,至少,计算,领先,。,业界,Go,解决方案,生产,Java,有,打造,MySQL,中,；,基础设施,较为,调优,，,或,管理,本科,提出,经验,服务,问题,优化,进行,风控,面向,5,覆盖,项目,数据分析,量化,画像,建设,提供,增长,图谱,算法,语言,研发,的,知识,分布式系统,概念,使用,一门,用户,Scala,特征,考虑,C++,资产,并,决策,SpringMVC,集群,一定,研究,平台,离线,者,环境,职位,从,要求,和,熟悉,建模,高,托管,性能,优先,2,数据挖掘,上,假设,构建,模型,理解,Flink,专业,并发,Spark,海量,设计,集市,4,基础,学习,在,系统,全,数据结构,流式,对,等,开展,以,3,自然语言,Python,通过,发现,处理,需求,/,（,可用性,驱动,数学,行为,源码,场景,1,方式,基于,掌握,相关,解决,计算机,大规模,机器,业务,分布式计算,改进,金融",。职位要求：1、本科及以上学历，计算机/数学/物理等相关专业,,相关专业,计算机,计算机类
https://jobs.51job.com/kunshan/150981143.html,岗位要求：1.负责雷达基带信号处理的基本算法设计、编写与优化；2.针对不同处理平台进行系统调优、算法调优等；3.指导客户进行信号处理应用开发，发挥并行系统的传输、运算能力；4.负责公司产品技术说明书的撰写与编制。职位要求：1.本科以上学历，通信工程或信号处理相关专业优先；2.熟练掌握C/C++；3.掌握雷达系统和信处理的基本原理和方法，熟练使用Matlab进行雷达信号处理相关算法的仿真验证，有基于FMCW、FSK、LFMSK、2D-FFT波形的雷达算法开发经验者优先；4.熟悉数字、模拟电路基本原理和应用，掌握高速数据采集处理流程，具备完成相关硬件研发和软件编程的工作能力；5.工作认真负责，态度端正，善于学习，热爱研发工作。,"采集,善于,仿真,.,技术,编制,C,验证,波形,FSK,、,信,工作,负责,以上学历,FFT,认真负责,2D,：,与,编写,数字,基本原理,具备,。,软件,有,；,熟练,调优,基本,，,或,本科,高速数据,经验,态度端正,优化,进行,电路,5,并行,LFMSK,指导,通信工程,方法,算法,研发,的,热爱,使用,针对,调,产品,C++,Matlab,运算,不同,-,平台,模拟,者,职位,撰写,要求,应用,和,熟悉,完成,优先,编程,2,FMCW,熟练掌握,信号处理,专业,岗位,设计,4,学习,系统,开发,基带,3,客户,公司,雷达,处理,/,发挥,流程,1,传输,能力,掌握,基于,优等,相关,说明书,硬件",岗位要求：1.负责雷达基带信号处理的基本算法设计、编写与优化；2.针对不同处理平台进行系统调优、算法调优等；3.指导客户进行信号处理应用开发，发挥并行系统的传输、运算能力；4.负责公司产品技术说明书的撰写与编制。职位要求：1.本科以上学历，通信工程或信号处理相关专业,岗位要求,相关专业,通信工程,电子信息类
https://jobs.51job.com/kunshan/96196997.html,"岗位职责：1、负责非标自动化设备的电气设计、研发及其相关工作，确保项目在保证质量的情况下准时交付。2、项目推进过程中及时有效反馈问题，并持续跟踪解决。岗位要求：1、大专以上学历，机电一体化、电气控制、工业自动化等相关专业。2、1-3年以上同类岗位经验。3、能熟练使用EPLAN绘图软件，能独立完成单台自动化设备的设计和编程，精通一种触摸屏的编写； 精通一至两种PLC的程序编写（如：三菱、西门子、欧姆龙）。4、具备汽车/3C/新能源/医疗行业等自动化设备及生产线的设计经验优先，能阅读基本的英文资料。5、参与自动化项目中机器人方面的方案制定及相关的程序设计；机器人应用和编程开发、上位机，C#,labview等者优先考虑。","有效,）,三菱,能,及其,电气控制,年,跟踪,绘图,生产线,、,及,工作,负责,程序设计,过程,等者,以上学历,阅读,：,编写,具备,。,自动化,软件,参与,方面,中,以上,熟练,；,资料,，,基本,机,保证质量,经验,EPLAN,问题, ,新能源,情况,5,,,项目,非标,独立,PLC,西门子,推进,研发,的,使用,反馈,机电,方案,精通,考虑,单台,并,一至,确保,机器人,-,一种,两种,上位,要求,应用,准时,和,完成,优先,编程,行业,电气设计,2,汽车,3C,如,专业,岗位,交付,设计,4,设备,C#,下,在,开发,一体化,制定,程序,等,labview,3,英文,触摸屏,/,（,工业,1,及时,医疗,相关,解决,岗位职责,大专,同类,欧姆龙,持续",岗位要求：1、大专以上学历，机电一体化、电气控制、工业自动化等相关专业,岗位要求,相关专业,电气,电气类
https://jobs.51job.com/kunshan/154585351.html,工作职责:1、配合上级完成公司年度整体活动计划及相关预算编制工作；2、负责各项促销、公关、会员活动的策划、组织、执行、监控等具体工作，并对活动效果进行复盘评估；3、负责与市场营销工作相关的资源（含异业资源）及供应商的选择、整合与执行规范化管理；4、整合商家资源，动员商家活动的积极性与参与度，配合营运提升经营效果；5、负责竞品市场推广、营销活动等内容的市场调研与消费者及消费趋势等调研工作；6、负责部分媒体发布、日常运维等工作。任职资格:1、3年以上相关工作经验，1年以上同行业工作经验，有媒体工作经验者优先考虑；2、大专及以上学历，市场营销、广告学、新闻传播、美术、平面设计等相关专业；3、能熟练运用计算机常用办公软件，基本绘图、剪辑、视频软件等；4、较强的沟通表达能力、组织协调能力、创新力、学习力、责任心、激情、服务意识。,"供应商,）,消费者,能,经营效果,年,绘图,美术,整合,年度,、,常用,上级,及,工作,负责,视频,以上学历,办公,与,商家,发布,。,软件,剪辑,广告学,策划,市场营销,有,计划,以上,资源,；,活动,部分,熟练,责任心,，,趋势,基本,管理,效果,资格,消费,经验,服务,进行,意识,预算编制,任职,积极性,5,公关,营运,各项,传播,沟通,配合,的,营销,执行,监控,考虑,并,具体,组织,提升,较强,者,新闻,动员,激情,调研,日常,同行业,促销,完成,选择,优先,6,组织协调,2,内容,整体,评估,专业,平面设计,4,学习,市场调研,对,市场推广,等,媒体,会员,3,公司,含异业,参与度,（,力,表达能力,竞品,运用,1,能力,相关,创新力,复盘,计算机,:,规范化,职责,运维,大专",；2、大专及以上学历，市场营销、广告学、新闻传播、美术、平面设计等相关专业,,相关专业,广告，美术，新闻传播,新闻传播学类，美术学类
https://jobs.51job.com/kunshan/141259236.html,岗位职责： 1.负责船舶及大型海洋渔业装备的外舾装设计研发工作。 2、负责设计舵系、锚系、系泊、救生、消防、钢质门窗梯盖等设备系统相关图纸，评估相关性能，编制相关研究报告等资料。 3.关注相关领域前沿技术水平和发展方向，积极申报课题和开拓市场； 4.完成上级领导交办的其他工作。  任职资格： 1.船舶与海洋工程、工程力学、流体力学等相关专业；2.硕士及以上学历；3.具备良好学习能力和沟通协调能力、工作主动、责任感强；4.爱岗敬业、吃苦耐劳、身体健康、品行端正，无不良嗜好；5.年龄不超过40周岁。,"舾装,交办,.,编制,、,40,及,工作,方向,负责,申报,关注,以上学历,船舶,救生,积极,：,系泊,与,消防,海洋工程,具备,协调,。,强,海洋渔业,；,资料,上级领导,，,爱岗敬业,资格, ,任职,5,主动,周岁,身体健康,沟通,良好,研发,的,品行端正,超过,锚系,其他,装备,硕士,不良嗜好,发展,研究,和,大型,不,责任感,完成,性能,2,报告,评估,专业,设计,无,4,舵系,学习,设备,外,系统,梯盖,领域,门窗,图纸,等,前沿技术,3,钢质,工程力学,开拓市场,课题,年龄,1,能力,水平,相关,吃苦耐劳,岗位职责,流体力学",。  任职资格： 1.船舶与海洋工程、工程力学、流体力学等相关专业；2.硕士及以上学历,,以上学历,船舶与海洋工程,海洋工程类
https://jobs.51job.com/kunshan/128892847.html,岗位职责：1、产品图像处理算法程序编写；任职要求：1、本科及以上学历，计算机视觉、模式识别、图像处理、应用数学等相关专业；2、精通C/C++语言编程，熟悉Visual Studio开发环境，良好的逻辑分析能力和研究能力；3、丰富的图像处理算法经验，熟练使用 Matlab及OpenCV或其它工具；4、熟悉线阵相机图像采集处理经验的优先；5、有过图像瑕疵检测项目工作经验的优先；6、有良好的职业道德和工作态度，工作认真、踏实，责任心和进取心强。,"采集,C,、,进取心,及,工作,检测,以上学历,工具,：,认真,编写,视觉,。,强,有,；,熟练,线阵,责任心,，,或,本科,经验, ,其它,任职,5,项目,图像,Visual,OpenCV,良好,算法,语言,的,模式识别,使用,态度,产品,精通,C++,Matlab,研究,瑕疵,环境,要求,应用,Studio,和,熟悉,优先,编程,有过,6,2,相机,专业,丰富,4,开发,程序,职业道德,等,3,处理,/,逻辑,数学,分析,1,能力,踏实,相关,计算机,岗位职责,图像处理",任职要求：1、本科及以上学历，计算机视觉、模式识别、图像处理、应用数学等相关专业,任职要求,相关专业,计算机,计算机类
https://jobs.51job.com/kunshan/155830825.html,技能要求：1、拥有拥有一级建造师执业资格证书，毕业证真实有效。2、建筑、市政、机电、水利、公路、矿业等专业均可，专业不限，有无B证均可。3、社保全国范围内都可以解决，不做具体要求。4、本岗位实行不坐班制度，人员只需配合公司安排即可福利待遇：弹性工作，固定工资+专业技术人才证书补贴,"。,需,机电,内,限,福利待遇,水利,具体,+,等,拥有,可,可以,执业资格,只,3,证书,技术,，,安排,建筑,公司,制度,公路,即可,真实有效,弹性,固定,证均,B,、,要求,人员,技能,均,有无,工作,不,人才,社保,市政,1,做,2,范围,4,都,补贴,解决,实行,配合,矿业,一级,专业,全国,：,本,坐班,岗位,建造师,工资,毕业证",。2、建筑、市政、机电、水利、公路、矿业等专业,,等专业,建筑,建筑类
https://jobs.51job.com/kunshan/140048834.html,一、工作职责1. 负责联系专家学者，组织稿件的同行评审，确保稿件的同行评审及时完成；2. 编排和处理稿件，确保稿件格式正确，及时发表；3. 与期刊主编，编委成员，作者及审稿人建立良好沟通，确保期刊正常运作，稿件顺利及时发表；4. 关注期刊学科领域内的研究进展，协助期刊责任编辑完成期刊发展目标。二、职位要求1. 流行病与卫生统计学，卫生毒理学，免疫学，病原生物学，病理学与病理生理学，药剂学，生药学，微生物与生化药学，药理学，肿瘤学，生物医学工程，生物化学与分子生物学，临床医学或相关专业背景；2. 本科及以上学历；3. 英语六级；4. 熟练office办公软件；5. 学习能力强，能适应公司高强度职业培训，例如：参加职业培训讲座和一对一导师培训管理。三、工资待遇1. 薪酬待遇：11000-20000；2. 基础福利：六险一金，带薪年假，年度体检，节日福利，活动经费，丰富茶歇，营养晚餐等；3. 进阶福利：子女福利，团队奖励，培训津贴，岗位津贴；4. 职业发展：导师培养，技能培训，管理培训，优秀员工提供交流和工作机会。四、办公地点北京市海淀区花园路甲13号庚坊国际发展中心4层乘车路线：地铁10/19号线-牡丹园站D口，步行900米,"肿瘤学,津贴,稿件,作者,营养,统计学,微生物,步行,能,.,年,节日,站,奖励,联系,编委,待遇,带薪,号庚坊,生物化学,年度,正常,、,工资待遇,运作,及,工作,目标,六险,生药学,职业,负责,19,三,关注,病理学,以上学历,办公,福利,培养,评审,期刊,责任编辑,：,与,二,编排,研究进展,内,。,免疫学,药学,软件,强,发表,13,地铁,进阶,花园路,；,熟练,活动,茶,导师,，,或,本科,参加,管理,顺利,分子生物学,海淀区, ,专家学者,高强度,讲座,5,牡丹园,中心,D,一对一,经费,培训,乘车,提供,沟通,审稿人,良好,病原,职业培训,office,的,生物医学,建立,歇,主编,900,10,学科,一金,背景,确保,米,发展,组织,子女,薪酬,-,一,协助,职位,工程,要求,和,正确,成员,生理学,完成,号线,2,机会,生化,药剂学,毒理学,口,专业,丰富,优秀员工,路线,4,学习,基础,四,格式,领域,团队,等,3,流行病,同行,北京市,公司,11000,处理,/,技能,甲,20000,晚餐,生物学,岗位津贴,1,及时,病理,能力,英语六级,层,相关,适应,体检,例如,地点,药理学,交流,职责,卫生,假,临床医学,国际",。二、职位要求1. 流行病与卫生统计学，卫生毒理学，免疫学，病原生物学，病理学与病理生理学，药剂学，生药学，微生物与生化药学，药理学，肿瘤学，生物医学工程，生物化学与分子生物学，临床医学或相关专业背景；2. 本科及以上学历,,以上学历,药学，生物,药学类，生物科学类
https://jobs.51job.com/kunshan/152831675.html,(一)岗位职责:1.维护和推动连锁、片区、门店合作关系，确保销售目标有效达成；2.制定和实施符合市场现状和需求的终端推广及主题促销活动（如沙龙、培训等）；3.每日按计划拜访门店，建立并维护与店员、柜组长良好客情关系，使之熟悉公司产品主要特性与利益、并主动向消费者进行推荐；4.主动了解竞争产品最新情况，全面掌握客户与竞争对手信息，并及时向总部进行反馈；(二)岗位要求：1.全日制大专以上学历，医学、药学、医药营销相关专业；2.具备较好的沟通能力，具备吃苦耐劳、坚韧不拔的精神，执行力强；3.具有2年以上连锁总部对接工作经验，具备能够独立完成中、大型培训的组织能力。,"有效,）,消费者,客情,符合,.,推荐,年,利益,门店,关系,、,及,工作,目标,(,医药,以上学历,竞争,：,较,与,二,合作,具备,药学,。,柜组长,强,店员,中,以上,；,活动,医学,，,之,按计划,经验,进行,终端,情况,全日制,推动,主动,独立,培训,沟通,良好,主要,的,执行力,营销,市场,建立,反馈,产品,特性,拜访,好,并,确保,总部,组织,全面,沙龙,一,对接,了解,要求,和,熟悉,大型,能够,促销,实施,完成,推广,2,销售,最新,如,专业,),岗位,竞争对手,4,向,制定,信息,等,精神,使,3,每日,现状,客户,公司,需求,（,1,及时,能力,片区,掌握,相关,吃苦耐劳,坚韧不拔,:,岗位职责,主题,具有,大专,达成,连锁,维护",岗位要求：1.全日制大专以上学历，医学、药学、医药营销相关专业,岗位要求,相关专业,药学,药学类
